/*
Navicat MySQL Data Transfer

Source Server         : localhost
Source Server Version : 50722
Source Host           : localhost:3306
Source Database       : phoneauth

Target Server Type    : MYSQL
Target Server Version : 50722
File Encoding         : 65001

Date: 2020-05-06 13:45:07
*/

SET FOREIGN_KEY_CHECKS=0;

-- ----------------------------
-- Table structure for ab_app
-- ----------------------------
DROP TABLE IF EXISTS `ab_app`;
CREATE TABLE `ab_app` (
  `app_id` bigint(20) NOT NULL COMMENT '应用ID',
  `user_id` int(11) DEFAULT NULL COMMENT '用户ID',
  `app_name` varchar(20) COLLATE utf8_unicode_ci NOT NULL COMMENT '应用名称',
  `app_icon` mediumblob NOT NULL COMMENT '应用图标',
  `app_desc` varchar(256) COLLATE utf8_unicode_ci NOT NULL COMMENT '应用描述',
  `app_type` varchar(10) COLLATE utf8_unicode_ci NOT NULL COMMENT '应用类型',
  `ios_bundle_id` varchar(100) COLLATE utf8_unicode_ci DEFAULT NULL COMMENT 'ios绑定ID',
  `android_packet_name` varchar(100) COLLATE utf8_unicode_ci DEFAULT NULL COMMENT '安卓包名',
  `android_app_sign` varchar(50) COLLATE utf8_unicode_ci DEFAULT NULL COMMENT '安卓应用签名',
  `status` smallint(6) DEFAULT NULL COMMENT '状态',
  `add_time` datetime DEFAULT NULL COMMENT '添加时间',
  `update_time` datetime DEFAULT NULL COMMENT '更新时间',
  PRIMARY KEY (`app_id`)
) ENGINE=InnoDB DEFAULT CHARSET=utf8 COLLATE=utf8_unicode_ci CHECKSUM=1 DELAY_KEY_WRITE=1 ROW_FORMAT=DYNAMIC COMMENT='爱博应用';

-- ----------------------------
-- Records of ab_app
-- ----------------------------
INSERT INTO `ab_app` VALUES ('257640806311', '10', '测试APP', 0x31, '测试APP', 'H5', '', '', '', '1', '2020-04-04 00:00:00', null);

-- ----------------------------
-- Table structure for ab_app_product
-- ----------------------------
DROP TABLE IF EXISTS `ab_app_product`;
CREATE TABLE `ab_app_product` (
  `id` bigint(20) NOT NULL AUTO_INCREMENT,
  `user_id` int(11) DEFAULT NULL COMMENT '用户ID',
  `product_id` int(11) DEFAULT NULL COMMENT '产品ID',
  `product_name` varchar(20) COLLATE utf8_unicode_ci DEFAULT NULL COMMENT '产品名称',
  `app_id` bigint(20) DEFAULT NULL COMMENT '应用ID',
  `app_secret` varchar(32) COLLATE utf8_unicode_ci DEFAULT NULL COMMENT '应用密钥',
  `sign_type` varchar(3) COLLATE utf8_unicode_ci DEFAULT NULL COMMENT '签名类型',
  `rsa_pub` varchar(1024) COLLATE utf8_unicode_ci DEFAULT NULL COMMENT 'RSA公钥',
  `ip_check` bit(1) DEFAULT NULL COMMENT '是否IP检查',
  `white_ips` varchar(1000) COLLATE utf8_unicode_ci DEFAULT NULL COMMENT 'IP白名单',
  `smg_validation` bit(1) DEFAULT NULL COMMENT '是否支持短信效验',
  `add_time` datetime DEFAULT NULL COMMENT '添加时间',
  `update_time` datetime DEFAULT NULL COMMENT '更新时间',
  PRIMARY KEY (`id`),
  UNIQUE KEY `app_id` (`product_id`,`app_id`)
) ENGINE=InnoDB AUTO_INCREMENT=2 DEFAULT CHARSET=utf8 COLLATE=utf8_unicode_ci CHECKSUM=1 DELAY_KEY_WRITE=1 ROW_FORMAT=DYNAMIC COMMENT='应用产品';

-- ----------------------------
-- Records of ab_app_product
-- ----------------------------
INSERT INTO `ab_app_product` VALUES ('1', '10', '6', '全网微应h5免密', '257640806311', 'yKJkJuPvgzfO5m001QRk6enObvKGhBBB', 'MD5', 'MIGfMA0GCSqGSIb3DQEBAQUAA4GNADCBiQKBgQCtB2de1twYqDewaTTX3hWtG+4mKXgYp/fknnz0yqsxBlT9HyzX0w7fUbrQlrLS/tXOKkrr1dMjxupsUpGFb5y9sp3qy1qcucRfkS0TfAEzPUq0BOM+EBzevfPj1V7nmkXhwKHio475DAAPqahrA+KlAxsX/CEh3TD8WvGE2lhR5wIDAQAB', '', '192.168.248.1', '', '2020-02-02 00:00:00', null);

-- ----------------------------
-- Table structure for ab_app_sdk_log
-- ----------------------------
DROP TABLE IF EXISTS `ab_app_sdk_log`;
CREATE TABLE `ab_app_sdk_log` (
  `id` bigint(20) NOT NULL AUTO_INCREMENT,
  `app_id` bigint(20) DEFAULT NULL COMMENT '应用ID',
  `app_secret` varchar(32) COLLATE utf8_unicode_ci DEFAULT NULL COMMENT '应用密钥',
  `isp` smallint(6) DEFAULT NULL COMMENT '运营商',
  `ip_addr` varchar(15) COLLATE utf8_unicode_ci DEFAULT NULL COMMENT 'IP地址',
  `mac_addr` varchar(30) COLLATE utf8_unicode_ci DEFAULT NULL COMMENT 'MAC地址',
  `imei` varchar(32) COLLATE utf8_unicode_ci DEFAULT NULL COMMENT 'IMEI',
  `phone_model` varchar(20) COLLATE utf8_unicode_ci DEFAULT NULL COMMENT '手机型号',
  `system_type` varchar(20) COLLATE utf8_unicode_ci DEFAULT NULL COMMENT '系统类型',
  `system_version` varchar(20) COLLATE utf8_unicode_ci DEFAULT NULL COMMENT '系统版本',
  `net_env` varchar(20) COLLATE utf8_unicode_ci DEFAULT NULL COMMENT '网络环境',
  `sdk_version` varchar(10) COLLATE utf8_unicode_ci DEFAULT NULL COMMENT 'SDK版本',
  `add_time` datetime DEFAULT NULL COMMENT '添加时间',
  PRIMARY KEY (`id`)
) ENGINE=InnoDB DEFAULT CHARSET=utf8 COLLATE=utf8_unicode_ci COMMENT='应用SDK日志';

-- ----------------------------
-- Records of ab_app_sdk_log
-- ----------------------------

-- ----------------------------
-- Table structure for ab_package
-- ----------------------------
DROP TABLE IF EXISTS `ab_package`;
CREATE TABLE `ab_package` (
  `id` int(11) NOT NULL AUTO_INCREMENT,
  `package_name` varchar(100) COLLATE utf8_unicode_ci NOT NULL COMMENT '套餐名称',
  `img_file_id` int(11) DEFAULT NULL COMMENT '套餐图片',
  `package_desc` varchar(200) COLLATE utf8_unicode_ci DEFAULT NULL COMMENT '套餐说明',
  `total_price` decimal(10,0) DEFAULT NULL COMMENT '套餐资费',
  `total_quote_price` decimal(10,0) DEFAULT NULL COMMENT '市场报价',
  `total_cost_price` decimal(10,0) DEFAULT NULL COMMENT '套餐成本',
  `package_type` smallint(6) DEFAULT NULL COMMENT '套餐类型',
  `lock` bit(1) DEFAULT NULL COMMENT '是否锁定',
  `term_type` int(11) DEFAULT NULL COMMENT '周期类型',
  `validity_term` int(11) DEFAULT NULL COMMENT '有效期',
  `state` smallint(6) DEFAULT NULL COMMENT '套餐状态',
  `add_by` varchar(20) COLLATE utf8_unicode_ci DEFAULT NULL COMMENT '添加者',
  `add_time` datetime DEFAULT NULL COMMENT '添加时间',
  `update_by` varchar(20) COLLATE utf8_unicode_ci DEFAULT NULL COMMENT '更新者',
  `update_time` datetime DEFAULT NULL COMMENT '更新时间',
  PRIMARY KEY (`id`),
  UNIQUE KEY `package_name` (`package_name`)
) ENGINE=InnoDB AUTO_INCREMENT=2 DEFAULT CHARSET=utf8 COLLATE=utf8_unicode_ci CHECKSUM=1 DELAY_KEY_WRITE=1 ROW_FORMAT=DYNAMIC COMMENT='套餐';

-- ----------------------------
-- Records of ab_package
-- ----------------------------
INSERT INTO `ab_package` VALUES ('1', '测试套餐', null, '测试套餐描述', '20', '30', '15', '1', '', '2', '1', '1', 'admin', '2020-02-22 00:00:00', null, null);

-- ----------------------------
-- Table structure for ab_package_order
-- ----------------------------
DROP TABLE IF EXISTS `ab_package_order`;
CREATE TABLE `ab_package_order` (
  `order_no` bigint(20) NOT NULL COMMENT '订单号',
  `user_id` int(11) NOT NULL COMMENT '用户ID',
  `user_name` varchar(20) COLLATE utf8_unicode_ci DEFAULT NULL COMMENT '用户名',
  `app_id` bigint(20) DEFAULT NULL COMMENT '应用ID',
  `app_name` varchar(20) COLLATE utf8_unicode_ci DEFAULT NULL COMMENT '应用名称',
  `package_id` int(11) DEFAULT NULL COMMENT '套餐ID',
  `package_name` int(11) DEFAULT NULL COMMENT '套餐名称',
  `img_file_id` int(11) DEFAULT NULL COMMENT '套餐图片',
  `package_amount` decimal(10,2) DEFAULT NULL COMMENT '套餐金额',
  `actual_amount` decimal(10,2) DEFAULT NULL COMMENT '实付金额',
  `status` smallint(1) DEFAULT NULL COMMENT '状态',
  `msg` varchar(100) COLLATE utf8_unicode_ci DEFAULT NULL COMMENT '状态信息描述',
  `add_time` datetime DEFAULT NULL COMMENT '订单时间',
  PRIMARY KEY (`order_no`)
) ENGINE=InnoDB DEFAULT CHARSET=utf8 COLLATE=utf8_unicode_ci CHECKSUM=1 DELAY_KEY_WRITE=1 ROW_FORMAT=DYNAMIC COMMENT='用户套餐订单';

-- ----------------------------
-- Records of ab_package_order
-- ----------------------------

-- ----------------------------
-- Table structure for ab_package_order_item
-- ----------------------------
DROP TABLE IF EXISTS `ab_package_order_item`;
CREATE TABLE `ab_package_order_item` (
  `id` bigint(20) NOT NULL AUTO_INCREMENT COMMENT '订单项ID',
  `order_no` bigint(32) DEFAULT NULL COMMENT '订单号',
  `user_id` int(11) DEFAULT NULL COMMENT '用户ID',
  `app_id` bigint(20) DEFAULT NULL COMMENT '应用ID',
  `app_name` varchar(20) COLLATE utf8_unicode_ci DEFAULT NULL COMMENT '应用名称',
  `product_id` int(11) DEFAULT NULL COMMENT '产品ID',
  `product_name` varchar(50) COLLATE utf8_unicode_ci DEFAULT NULL COMMENT '产品名称',
  `price` decimal(10,2) DEFAULT NULL COMMENT '单价',
  `quantity` int(11) DEFAULT NULL COMMENT '数量',
  `remain_quantity` int(11) DEFAULT NULL COMMENT '剩余数量',
  `effect_time` datetime DEFAULT NULL COMMENT '生效时间',
  `invalid_time` datetime DEFAULT NULL COMMENT '失效时间',
  PRIMARY KEY (`id`),
  KEY `invalid_time` (`app_id`,`product_id`,`effect_time`,`invalid_time`,`remain_quantity`)
) ENGINE=InnoDB DEFAULT CHARSET=utf8 COLLATE=utf8_unicode_ci CHECKSUM=1 DELAY_KEY_WRITE=1 ROW_FORMAT=DYNAMIC COMMENT='用户套餐订单项';

-- ----------------------------
-- Records of ab_package_order_item
-- ----------------------------

-- ----------------------------
-- Table structure for ab_package_order_payment
-- ----------------------------
DROP TABLE IF EXISTS `ab_package_order_payment`;
CREATE TABLE `ab_package_order_payment` (
  `payment_no` varchar(32) COLLATE utf8_unicode_ci NOT NULL COMMENT '付款号',
  `order_no` varchar(32) COLLATE utf8_unicode_ci DEFAULT NULL COMMENT '订单号',
  `pay_amount` decimal(10,2) DEFAULT NULL COMMENT '支付金额',
  `pay_mode` smallint(6) DEFAULT NULL COMMENT '支付方式',
  `pay_time` datetime DEFAULT NULL COMMENT '支付时间',
  `status` smallint(6) DEFAULT NULL COMMENT '支付状态',
  `msg` varchar(100) COLLATE utf8_unicode_ci DEFAULT NULL COMMENT '支付信息',
  PRIMARY KEY (`payment_no`)
) ENGINE=InnoDB DEFAULT CHARSET=utf8 COLLATE=utf8_unicode_ci CHECKSUM=1 DELAY_KEY_WRITE=1 ROW_FORMAT=DYNAMIC COMMENT='订单支付';

-- ----------------------------
-- Records of ab_package_order_payment
-- ----------------------------

-- ----------------------------
-- Table structure for ab_package_product_item
-- ----------------------------
DROP TABLE IF EXISTS `ab_package_product_item`;
CREATE TABLE `ab_package_product_item` (
  `id` int(11) NOT NULL AUTO_INCREMENT,
  `package_id` int(11) NOT NULL COMMENT '套餐ID',
  `product_id` int(11) NOT NULL COMMENT '产品ID',
  `price` decimal(10,2) NOT NULL COMMENT '单价',
  `quantity` int(11) NOT NULL COMMENT '数量',
  PRIMARY KEY (`id`)
) ENGINE=InnoDB AUTO_INCREMENT=2 DEFAULT CHARSET=utf8 COLLATE=utf8_unicode_ci CHECKSUM=1 DELAY_KEY_WRITE=1 ROW_FORMAT=DYNAMIC COMMENT='套餐产品项';

-- ----------------------------
-- Records of ab_package_product_item
-- ----------------------------
INSERT INTO `ab_package_product_item` VALUES ('1', '1', '6', '0.20', '100');

-- ----------------------------
-- Table structure for ab_pa_detail
-- ----------------------------
DROP TABLE IF EXISTS `ab_pa_detail`;
CREATE TABLE `ab_pa_detail` (
  `id` bigint(20) NOT NULL AUTO_INCREMENT,
  `seq_no` varchar(32) COLLATE utf8_unicode_ci DEFAULT NULL COMMENT '流水号',
  `order_item_id` bigint(20) DEFAULT '0' COMMENT '套餐订单项ID',
  `user_id` int(11) DEFAULT NULL COMMENT '用户ID',
  `user_name` varchar(20) COLLATE utf8_unicode_ci DEFAULT NULL COMMENT '用户名',
  `app_id` bigint(20) DEFAULT NULL COMMENT '应用ID',
  `app_name` varchar(20) COLLATE utf8_unicode_ci DEFAULT NULL COMMENT '应用名称',
  `product_id` int(11) DEFAULT NULL COMMENT '产品ID',
  `product_name` varchar(20) COLLATE utf8_unicode_ci DEFAULT NULL COMMENT '产品名称',
  `product_version` char(3) COLLATE utf8_unicode_ci NOT NULL COMMENT '产品版本号',
  `ip_addr` varchar(15) COLLATE utf8_unicode_ci DEFAULT NULL COMMENT 'IP地址',
  `timestamp` bigint(20) NOT NULL COMMENT '时间戳',
  `sign_type` varchar(3) COLLATE utf8_unicode_ci DEFAULT NULL COMMENT '签名类型',
  `sign` varchar(32) COLLATE utf8_unicode_ci NOT NULL COMMENT '签名',
  `token` varchar(32) COLLATE utf8_unicode_ci DEFAULT NULL COMMENT 'TOKEN',
  `h5_redirect_url` varchar(100) COLLATE utf8_unicode_ci DEFAULT NULL COMMENT 'H5重定向地址',
  `state` smallint(6) DEFAULT NULL COMMENT '状态',
  `msg` varchar(100) COLLATE utf8_unicode_ci DEFAULT NULL COMMENT '状态信息',
  `data` varchar(32) COLLATE utf8_unicode_ci DEFAULT NULL COMMENT '返回数据',
  `add_time` datetime DEFAULT NULL COMMENT '添加时间',
  `update_time` datetime DEFAULT NULL COMMENT '更新时间',
  PRIMARY KEY (`id`)
) ENGINE=MyISAM AUTO_INCREMENT=5 DEFAULT CHARSET=utf8 COLLATE=utf8_unicode_ci CHECKSUM=1 DELAY_KEY_WRITE=1 ROW_FORMAT=DYNAMIC COMMENT='免密调用明细';

-- ----------------------------
-- Records of ab_pa_detail
-- ----------------------------

-- ----------------------------
-- Table structure for ab_pa_report_day
-- ----------------------------
DROP TABLE IF EXISTS `ab_pa_report_day`;
CREATE TABLE `ab_pa_report_day` (
  `id` bigint(20) NOT NULL,
  `statistics_date` date DEFAULT NULL COMMENT '统计日期',
  `user_id` int(11) DEFAULT NULL COMMENT '用户ID',
  `user_name` varchar(20) COLLATE utf8_unicode_ci DEFAULT NULL COMMENT '用户名',
  `app_id` bigint(20) DEFAULT NULL COMMENT '应用ID',
  `app_name` varchar(20) COLLATE utf8_unicode_ci DEFAULT NULL COMMENT '应用名称',
  `product_id` int(11) DEFAULT NULL COMMENT '产品ID',
  `product_name` varchar(20) COLLATE utf8_unicode_ci DEFAULT NULL COMMENT '产品名称',
  `success_count` int(11) DEFAULT NULL COMMENT '成功次数',
  `fail_count` int(11) DEFAULT NULL COMMENT '失败次数',
  `add_time` datetime DEFAULT NULL COMMENT '添加时间',
  PRIMARY KEY (`id`)
) ENGINE=InnoDB DEFAULT CHARSET=utf8 COLLATE=utf8_unicode_ci CHECKSUM=1 DELAY_KEY_WRITE=1 ROW_FORMAT=DYNAMIC COMMENT='应用日报表';

-- ----------------------------
-- Records of ab_pa_report_day
-- ----------------------------

-- ----------------------------
-- Table structure for ab_pa_report_hour
-- ----------------------------
DROP TABLE IF EXISTS `ab_pa_report_hour`;
CREATE TABLE `ab_pa_report_hour` (
  `id` bigint(20) NOT NULL,
  `statistics_date` datetime DEFAULT NULL COMMENT '统计时间',
  `user_id` int(11) DEFAULT NULL COMMENT '用户ID',
  `user_name` varchar(20) COLLATE utf8_unicode_ci DEFAULT NULL COMMENT '用户名',
  `app_id` bigint(20) DEFAULT NULL COMMENT '应用ID',
  `app_name` varchar(20) COLLATE utf8_unicode_ci DEFAULT NULL COMMENT '应用名称',
  `product_id` int(11) DEFAULT NULL COMMENT '产品ID',
  `product_name` varchar(20) COLLATE utf8_unicode_ci DEFAULT NULL COMMENT '产品名称',
  `success_count` int(11) DEFAULT NULL COMMENT '成功次数',
  `fail_count` int(11) DEFAULT NULL COMMENT '失败次数',
  `add_time` datetime DEFAULT NULL COMMENT '添加时间',
  PRIMARY KEY (`id`)
) ENGINE=InnoDB DEFAULT CHARSET=utf8 COLLATE=utf8_unicode_ci CHECKSUM=1 DELAY_KEY_WRITE=1 ROW_FORMAT=DYNAMIC COMMENT='应用时报表';

-- ----------------------------
-- Records of ab_pa_report_hour
-- ----------------------------

-- ----------------------------
-- Table structure for ab_product
-- ----------------------------
DROP TABLE IF EXISTS `ab_product`;
CREATE TABLE `ab_product` (
  `id` int(11) NOT NULL AUTO_INCREMENT,
  `product_name` varchar(20) COLLATE utf8_unicode_ci NOT NULL COMMENT '产品名称',
  `product_desc` text COLLATE utf8_unicode_ci COMMENT '产品描述',
  `product_uri` varchar(50) COLLATE utf8_unicode_ci DEFAULT NULL COMMENT '产品URI',
  `product_type` smallint(6) DEFAULT NULL COMMENT '产品类型',
  `isp` smallint(6) DEFAULT NULL COMMENT '运营商',
  `use_area_id` int(11) DEFAULT '0' COMMENT '适用范围',
  `product_version` char(2) COLLATE utf8_unicode_ci DEFAULT NULL COMMENT '产品版本号',
  `cost_price` decimal(10,2) DEFAULT NULL COMMENT '成本价格',
  `quote_price` decimal(10,2) DEFAULT NULL COMMENT '报价',
  `unit` varchar(2) COLLATE utf8_unicode_ci DEFAULT NULL COMMENT '单位',
  `state` smallint(6) DEFAULT NULL COMMENT '产品状态',
  `add_time` datetime DEFAULT NULL COMMENT '添加时间',
  PRIMARY KEY (`id`)
) ENGINE=InnoDB AUTO_INCREMENT=32 DEFAULT CHARSET=utf8 COLLATE=utf8_unicode_ci MIN_ROWS=11 CHECKSUM=1 DELAY_KEY_WRITE=1 ROW_FORMAT=DYNAMIC COMMENT='产品';

-- ----------------------------
-- Records of ab_product
-- ----------------------------
INSERT INTO `ab_product` VALUES ('1', '爱博全网APP免密', null, null, '1', '4', '0', '01', '0.35', '0.55', '次', '1', '2020-01-01 00:00:00');
INSERT INTO `ab_product` VALUES ('2', '电信APP免密', null, null, '1', '2', '0', '01', '0.32', '0.45', '次', '1', '2020-01-01 00:00:00');
INSERT INTO `ab_product` VALUES ('3', '全网企信通', null, null, '2', '4', '0', '01', '0.50', '0.70', '条', '1', '2020-01-01 00:00:00');
INSERT INTO `ab_product` VALUES ('4', '移动短信', null, null, '2', '1', '0', '01', '0.44', '0.60', '条', '2', '2020-01-01 00:00:00');
INSERT INTO `ab_product` VALUES ('5', '浙江移动流量', null, null, '3', '1', '0', '01', '0.29', '0.32', 'M', '1', '2020-01-01 00:00:00');
INSERT INTO `ab_product` VALUES ('6', '全网微应h5免密', null, 'http://127.0.0.1:303/h5/01/quickLogin', '1', '4', '0', '01', '0.15', '0.30', '次', '1', '2020-01-01 00:00:00');

-- ----------------------------
-- Table structure for ab_user
-- ----------------------------
DROP TABLE IF EXISTS `ab_user`;
CREATE TABLE `ab_user` (
  `id` int(11) NOT NULL AUTO_INCREMENT,
  `user_name` varchar(20) COLLATE utf8_unicode_ci DEFAULT NULL COMMENT '用户名',
  `phone` varchar(11) COLLATE utf8_unicode_ci DEFAULT NULL COMMENT '手机',
  `email` varchar(30) COLLATE utf8_unicode_ci DEFAULT NULL COMMENT '邮箱',
  `user_pwd` varchar(20) COLLATE utf8_unicode_ci NOT NULL COMMENT '用户密码',
  `pay_pwd` varchar(20) COLLATE utf8_unicode_ci DEFAULT NULL COMMENT '支付密码',
  `user_secret` varchar(32) COLLATE utf8_unicode_ci DEFAULT NULL COMMENT '用户密钥',
  `balance` decimal(10,2) DEFAULT NULL COMMENT '余额',
  `pay_type` smallint(6) DEFAULT NULL COMMENT '付款类型',
  `company_name` varchar(30) COLLATE utf8_unicode_ci DEFAULT NULL COMMENT '公司名称',
  `liaison` varchar(10) COLLATE utf8_unicode_ci DEFAULT NULL COMMENT '联系人',
  `user_type` smallint(6) DEFAULT NULL COMMENT '用户类型',
  `state` smallint(6) DEFAULT NULL COMMENT '用户状态',
  `add_time` datetime DEFAULT NULL COMMENT '注册时间',
  PRIMARY KEY (`id`),
  UNIQUE KEY `phone` (`phone`),
  UNIQUE KEY `email` (`email`),
  UNIQUE KEY `user_name` (`user_name`)
) ENGINE=InnoDB AUTO_INCREMENT=11 DEFAULT CHARSET=utf8 COLLATE=utf8_unicode_ci CHECKSUM=1 DELAY_KEY_WRITE=1 ROW_FORMAT=DYNAMIC COMMENT='用户';

-- ----------------------------
-- Records of ab_user
-- ----------------------------
INSERT INTO `ab_user` VALUES ('10', '18812345678', '18812345678', '18812345678@qq.com', '111111', '222222', '76f9oWc7vyX7jPitlBkHEHAWaJinfAAA', '10.00', '1', '爱博通信技术', '张三', '1', '1', '2020-04-22 00:00:00');

-- ----------------------------
-- Table structure for common_access_log
-- ----------------------------
DROP TABLE IF EXISTS `common_access_log`;
CREATE TABLE `common_access_log` (
  `id` bigint(11) NOT NULL AUTO_INCREMENT,
  `session_id` varchar(32) COLLATE utf8_unicode_ci DEFAULT NULL,
  `page_addr` varchar(1200) COLLATE utf8_unicode_ci DEFAULT NULL,
  `user_agent` varchar(320) COLLATE utf8_unicode_ci DEFAULT NULL,
  `access_ip` varchar(20) COLLATE utf8_unicode_ci DEFAULT NULL,
  `add_time` datetime DEFAULT NULL,
  `account_name` varchar(20) COLLATE utf8_unicode_ci DEFAULT '0',
  `post_data` varchar(2000) COLLATE utf8_unicode_ci DEFAULT NULL,
  PRIMARY KEY (`id`)
) ENGINE=InnoDB DEFAULT CHARSET=utf8 COLLATE=utf8_unicode_ci;

-- ----------------------------
-- Records of common_access_log
-- ----------------------------

-- ----------------------------
-- Table structure for common_account
-- ----------------------------
DROP TABLE IF EXISTS `common_account`;
CREATE TABLE `common_account` (
  `id` int(11) NOT NULL,
  `account_name` varchar(20) COLLATE utf8_unicode_ci NOT NULL,
  `account_pass` varchar(32) COLLATE utf8_unicode_ci NOT NULL,
  `login_bind_ip` varchar(100) COLLATE utf8_unicode_ci DEFAULT NULL,
  `state` int(11) DEFAULT NULL,
  `role_id` int(11) DEFAULT NULL,
  `department_id` int(11) DEFAULT NULL COMMENT '客户ID',
  `last_login_time` datetime DEFAULT NULL,
  `login_count` int(11) DEFAULT '0',
  `login_state` int(11) DEFAULT '0',
  `real_name` varchar(10) COLLATE utf8_unicode_ci DEFAULT NULL,
  `img` mediumblob,
  `add_time` datetime DEFAULT NULL,
  PRIMARY KEY (`id`)
) ENGINE=InnoDB DEFAULT CHARSET=utf8 COLLATE=utf8_unicode_ci;

-- ----------------------------
-- Records of common_account
-- ----------------------------
INSERT INTO `common_account` VALUES ('1', 'admin', '2346e8c7a5fa5c3ed162af81d3cabc8a', '', '1', '1', '0', '2020-05-05 17:13:48', '3217', '3', '', 0x89504E470D0A1A0A0000000D4948445200000020000000200806000000737A7AF4000005CF4944415458478D576B6C145514FECEECCE6CB78F7DB4BBE5554A6B4B79138402220D68FF200A52311A1A41A2801AD040445E111F8460C4683022428A09FF0A4A224409A24114135E41510342288F16295076DBEE76DBD29D99DD7BCC4C69A1DDE7F97BBEF3DD6FCEE39EB984348D9995E660F429B0A806A10CCC1E261A008620B01F44CD002E02D27E8FCBF22311E9E950532A5030C8EE08EB1F08C6122264A7C29B7E4688087BC825BF9F47144A16935000334BFEA0FE26313683E048EBE0585090181BF3DCF25744C4F138E20A68617688A07E004065FF201602F597FE46F39D9B08B5FA515836162563CB61B15A136B643E2CB995EA78D98811E06BE35208ED08814AFA33FE75FC088E7DB70777FFBBDEC7E5CE1F8C052B3F44F1E847138A60F0558594592E17F509EE23C0A8B7C6DA390215F567FA795F0D8E7EB33BE101448419F31662F6A21590244B5C1C83EB155226B95C14E801F40A6066D91FD08F13615AFFE8C6AB17F1C59AC569B5417E413166CC7B09E3A75522232B2726861927BC6EF9C99E29E915D01CD4D731F3C7F14E3152BFF7F3F7D212D003B22A0A5EDBB4134523C7C7C411D13A8F4BFEC4709802DADBD9DBA5EB0D44C88C77CA85D3BFA276DB4644342D6D11E3A65562D1DAADF1F18C9062918B9D4E6A3505F85BB51A10962562DFFA461584DE81E2E2A138F7E785A422482288A8C0F4390B50B5F49D2493819DDE5C65393173667350379A4249845EFBDC648C1E5386D56B97E2566313CE9FBF8C2B97EB71E54A03841070BB9CF0E6E7A2647811C68C2EC5E64DDB317252055EDDB82DC95440F5BAE43C6A0E44AA18C298F9F89D2B0436BCF83866CC9C8A458BABD22AC1EA555B3064F8042CDEF069723C4BCF923FA07D0D60493264CDBBAF60E2F847306B76455A02B67EB40B2327CF40C5F32B5208C02E43C019005312212D9176D4FDB41D4E8F17234695A625E0D0F74731BD7C24A8B40A516BEC28F69230CE903FA03600342CB18036B85B8F836DD900A5DC5DDD342C406A2782B93311B13A93F401D71B1930664B4EF669D9EDFF40E1000871F7494C288310B60CC2BDAC114933C68C0EF2B56A1D44C84A955B77C74948424D0533FD51CA403027E6428D15CAE8245F40BD4EA0E254CCD9E1CBB069B753C14C7F581E824E7B594A2C83AF1919384584C752A2219017FADDFCDB486E125A1C3353D3194C8C13E40B6A3B88B13C9D0825E2434EE7BFF72FF0F81121FB38E8B2271D3AE3537690BF353207247E482B0240A67A1D76F5461C3821943916BA35BDC3CD6191A4678CAB38CB1FD45B08B0A52BC2D176068A7A179024C0D8FD82A1C9F90839CBD3A530709AC725E7A4B58C1E66B5DB08760E416AB90074F9BB5D762F44DE58DC2307C26AAA1EB9CFC6A8F1E62AAF9B027C1D3C9074DDC86BCC42122C70AF3304550D83398AA28241C8C8E84E5628D06CB6A4D3DD9DF6AEB08A6B376EC26A5560536C50143B6C367BBCF10BDB6579584E0EF97AAF367F403336C7EA1E7457B8131DED01685ADFD9B74812469416439665ECFFE5341AEEF8B166E15C33ACEE5ABD29E26133C4381CB9B0DB1F5C35CCBC353FD7B6DEC03DFC4B66F4C24902C6777404D1D6D692B09EF60C1B8A0B0BB0ADF610C2AA8E55D54FA32B1C4693CF789BC437A7330FD9D92EC379CEE3922B88A8AB8F80DE5268DAD93B4D370A848826246306AC16097B8FFD6162AA2BCB11152269035A2C560C1C5878C36651CA1D0EF315655ACC76B9E5EF9CD8E26B3C2B58484919017CF6ED3118EF8DB75F309E0FC91715499270BB064C2D1CECEA569D488059CBBAC6096AB4EB54341AC9482422121558BFFBA0E9FE785995999144A6C84A9BCDEA985252E2ADEB8F4928FBD2A5C63C21A987755D8BFBAFD0D0D48AED077E33F956CE7F0285037263CE9748E28CCCCC7DC38B0A161151DC9AA65CF0750DB74789A856AB86C313D828FE7DF307DBF1E5416337006FCD9F098FE3C1BBD578A42836FBB92C67E6DC42AF37E9064B29A0E7409FCF971DBA175DABE9EACB222ABC8223B6BBAD6D160B49F0B872A2926455AD16E9AE55CEA8B559066C193AB4BBCB53D9FF6D4D4278A491803E0000000049454E44AE426082, '2016-08-08 21:28:03');
INSERT INTO `common_account` VALUES ('2', 'kefu01', '2346e8c7a5fa5c3ed162af81d3cabc8a', '218.74.27.188,192.168.8.79', '1', '3', '31', '2017-04-13 13:36:42', '1', '0', '张客', 0xFFD8FFE1001845786966000049492A00080000000000000000000000FFEC00114475636B7900010004000000500000FFE1032F687474703A2F2F6E732E61646F62652E636F6D2F7861702F312E302F003C3F787061636B657420626567696E3D22EFBBBF222069643D2257354D304D7043656869487A7265537A4E54637A6B633964223F3E203C783A786D706D65746120786D6C6E733A783D2261646F62653A6E733A6D6574612F2220783A786D70746B3D2241646F626520584D5020436F726520352E362D633133382037392E3135393832342C20323031362F30392F31342D30313A30393A30312020202020202020223E203C7264663A52444620786D6C6E733A7264663D22687474703A2F2F7777772E77332E6F72672F313939392F30322F32322D7264662D73796E7461782D6E7323223E203C7264663A4465736372697074696F6E207264663A61626F75743D222220786D6C6E733A786D703D22687474703A2F2F6E732E61646F62652E636F6D2F7861702F312E302F2220786D6C6E733A786D704D4D3D22687474703A2F2F6E732E61646F62652E636F6D2F7861702F312E302F6D6D2F2220786D6C6E733A73745265663D22687474703A2F2F6E732E61646F62652E636F6D2F7861702F312E302F73547970652F5265736F75726365526566232220786D703A43726561746F72546F6F6C3D2241646F62652050686F746F73686F702043432032303137202857696E646F7773292220786D704D4D3A496E7374616E636549443D22786D702E6969643A42413031323743373844423831314538394343454334374136333036334441322220786D704D4D3A446F63756D656E7449443D22786D702E6469643A4241303132374338384442383131453839434345433437413633303633444132223E203C786D704D4D3A4465726976656446726F6D2073745265663A696E7374616E636549443D22786D702E6969643A4241303132374335384442383131453839434345433437413633303633444132222073745265663A646F63756D656E7449443D22786D702E6469643A4241303132374336384442383131453839434345433437413633303633444132222F3E203C2F7264663A4465736372697074696F6E3E203C2F7264663A5244463E203C2F783A786D706D6574613E203C3F787061636B657420656E643D2272223F3EFFEE002641646F62650064C0000000010300150403060A0D000005D6000006D200000805000009B5FFDB0084000202020202020202020203020202030403020203040504040404040506050505050505060607070807070609090A0A09090C0C0C0C0C0C0C0C0C0C0C0C0C0C0C01030303050405090606090D0B090B0D0F0E0E0E0E0F0F0C0C0C0C0C0F0F0C0C0C0C0C0C0F0C0C0C0C0C0C0C0C0C0C0C0C0C0C0C0C0C0C0C0C0C0C0C0C0C0C0C0CFFC20011080028002803011100021101031101FFC400BC0000020301000000000000000000000000050603070804010101010101010000000000000000000004050103020010000202020202020300000000000000000102000311041005211220323114151100020102040403050900000000000000010203001121121304314151221061817191522314A1B1F1426282335305120001040203000000000000000000000000300111312021516122130100020202020202030100000000000001001121314151617110A181C1F091D1B1FFDA000C03010002110311000001DD5CB72CC5AB6778EC273900516F0A254C9948D75E0AB369A63E5E8DA23A5A758831F214AB6B9DA5E90E961B4EA742CA626750E81797A15E26FB4209543177FFDA00080101000105025F49D3F5CFABBFB05959EB1525865BA7A6BAFA1EF6CEC2BB0CB15452E7C25F44FEA0AF43AEDB3AFB5FB2979B2262687569B0BD7514F63D7EC75C7AE478BB94A8A1156A54AA9AFB24074CFE3FFFDA000801020001050286C22333888F983845F18CC2BEAD33330427812BAB3150116D7EA603CEC7D67FFFDA00080103000105028B588A14C7AF1C66587CE606CAF14AE4DEA318F1C1B30B6928C967B8F853F69FFFDA0008010202063F023C96B4BA3FFFDA0008010302063F023651286E8EF08623843FFFDA0008010101063F025C57ECA7FF005A791D773299136B0AFC2E4E27CC8A976BBA766120024EE36CACB7F5A50318F829E9E1232ECE2CC2336EC1C6D4B22EDB33A3F7333850992EB6EA689FA03BB88C767CB2223F1BF07C30F6D4B1B7788C7E1E5857A52FCE4F7D36D15B4674948D5E4F1B313994F23C8D219E729B721B5B39245AD5BCD353A6A09CE79F4C3C060286F67FE20D2E945F19566C5BF4D06DCED633F505B269E1C0E16E96A9630FAB1C87B1F9D8624379D1AB9120B0FEB6AD2FC88156DD2C31FBEB2C2AA8117E5A8E000E42AF7C41B9FDC0DFC3FFDA0008010103013F2162CE9398AD7F7761145360C7588547EDE1A36F21149A97476E8605E71A6656E228D26C78254A29B4874CA7037AAB95C2A3F8D062C30F748E0F315D167B3A398DB0DB95EF53F00563347791A577207071B3115B8C1C9B5D376DD5542AD34D33703851B9CA1B789C10DA2A90C3528D9E8CB325C26F4284D5B92D7D7925CDAF1D0C5470FB3310DBBD4DE056784F030A84A01C585A56B317A6934C301A080F25A9DB5ADFDC7F5FD4FFDA0008010203013F2123150CED345F8214E2119EE2768D83B840C4F11673351E7E1DB2C3A389921B886F1F04302A55417EA9127FFFDA0008010303013F21958647D26AB5186515C352E6A066EBE2A52FF2F7138874A9713E2BE5437732A25825EEBE13E1572C7A76309FFFDA000C030100021103110000104CC9B5219B8152AED57FFFDA0008010103013F1028F647D47030481488D96E0B5281B2B83A4E309C9E918114F15090BEA1AFC1C47D0C33212903D453A65C0A9411E5979C45722787F4201729721CAA22FB8BA0D82B311334006E8A8A1A008B3688A074AE0D4ED7E7B96A8F9EC7EE54D503C8265B81288C8AC201CD42007626836AD6AE0AE3550A6058BCE59B6B445A0E69FB589330031FE51AC2D196B5AE85700F1BCE974497501D01DA3300105481002281A54C2606488934152FD4109F2E92D9436AEA59C0680A40D8A5D6F32917C80B45B981A2AF981E166E58CB273661D5B2EB9BD3427FFFDA0008010203013F1045C7BBAF7BDBA22406C0BD678A88B925961A8174D7B8295B37EC58970E3F9F99D4585F9DD7C58E52504C1257658F32E7B2F7FF00207C010BDB0F5CBFE466877FEFEA5EAB6E1F3D3FA808E65A33FD40006880144BD4E47DD7EE68A9FFDA0008010303013F106E29BE2C3583B8510AD43F13C95BF11D11296B57998AB52BD20C1C1DFDF896134E55CD70FD45C4BF505792D756183C2E6AB0980B7B31C54501EA3AE59CC6C9C6132F7C1FECD33855D6EB235BDD6618A505671EC97C4463777CC65455DAE59559C0FABFD464FFD9, '2017-04-13 13:19:33');
INSERT INTO `common_account` VALUES ('3', 'test', '2346e8c7a5fa5c3ed162af81d3cabc8a', '', '1', '2', null, '2020-03-03 21:43:21', '61', '2', '', 0xFFD8FFE1001845786966000049492A00080000000000000000000000FFEC00114475636B7900010004000000500000FFE1032F687474703A2F2F6E732E61646F62652E636F6D2F7861702F312E302F003C3F787061636B657420626567696E3D22EFBBBF222069643D2257354D304D7043656869487A7265537A4E54637A6B633964223F3E203C783A786D706D65746120786D6C6E733A783D2261646F62653A6E733A6D6574612F2220783A786D70746B3D2241646F626520584D5020436F726520352E362D633133382037392E3135393832342C20323031362F30392F31342D30313A30393A30312020202020202020223E203C7264663A52444620786D6C6E733A7264663D22687474703A2F2F7777772E77332E6F72672F313939392F30322F32322D7264662D73796E7461782D6E7323223E203C7264663A4465736372697074696F6E207264663A61626F75743D222220786D6C6E733A786D703D22687474703A2F2F6E732E61646F62652E636F6D2F7861702F312E302F2220786D6C6E733A786D704D4D3D22687474703A2F2F6E732E61646F62652E636F6D2F7861702F312E302F6D6D2F2220786D6C6E733A73745265663D22687474703A2F2F6E732E61646F62652E636F6D2F7861702F312E302F73547970652F5265736F75726365526566232220786D703A43726561746F72546F6F6C3D2241646F62652050686F746F73686F702043432032303137202857696E646F7773292220786D704D4D3A496E7374616E636549443D22786D702E6969643A42354443463844323844423831314538423130344334383644463442384344432220786D704D4D3A446F63756D656E7449443D22786D702E6469643A4235444346384433384442383131453842313034433438364446344238434443223E203C786D704D4D3A4465726976656446726F6D2073745265663A696E7374616E636549443D22786D702E6969643A4235444346384430384442383131453842313034433438364446344238434443222073745265663A646F63756D656E7449443D22786D702E6469643A4235444346384431384442383131453842313034433438364446344238434443222F3E203C2F7264663A4465736372697074696F6E3E203C2F7264663A5244463E203C2F783A786D706D6574613E203C3F787061636B657420656E643D2272223F3EFFEE002641646F62650064C0000000010300150403060A0D000005DB000007470000088D00000A30FFDB0084000202020202020202020203020202030403020203040504040404040506050505050505060607070807070609090A0A09090C0C0C0C0C0C0C0C0C0C0C0C0C0C0C01030303050405090606090D0B090B0D0F0E0E0E0E0F0F0C0C0C0C0C0F0F0C0C0C0C0C0C0F0C0C0C0C0C0C0C0C0C0C0C0C0C0C0C0C0C0C0C0C0C0C0C0C0C0C0C0CFFC20011080028002803011100021101031101FFC400B30000030003000000000000000000000000040607000308010003010101000000000000000000000001020403000510000007000202020300000000000000000001110203040510122106203123141511000103030205030207000000000000000111020300120421133141612205322314519171A1425262341612010101000000000000000000000000004010111301000301000105000105010000000000010011213141105161718191F0A1B1D1F1C1FFDA000C03010002110311000001E55A6A69E178906C1B5BDFCDE0FA74C6D096D6E12713BC7A66A58BB3BDE6B0F62196357A8288B7503E638A7966EA1D1724FEA2E18C8287FFDA00080101000105023BF689F9DA73D7663E947A50E85723827D79E0B39DA1A349F62F7ECBB3BBC1A74EE46DB5A77EC156FE263C829FA9D29E7F60CA8752943EB6FACD6625AA4DA73570EB2F8B3BDD745D27A8E3E94B7B26E4DF8EB6A3E30FD7BD367CB49D773A2BFD62B1655BFFDA0008010200010502406D0E6A7044A0C88C1103FAEA1A809E663B82720EE0DCA10117988BCBC90CB8EA17CA71FFDA0008010300010502550A08C30198746A0989C1FD750648179507F14080DA4880887FFFDA0008010202063F024FFFDA0008010302063F0236DFFFDA0008010101063F022939ECE23A75ADC6CBBAD89E1CD89DE8901F5071E95B5345664C606F7263D5DDA9AAAD16081EC7F712A0A11C00035D69AB68F1B06088CB1A2E7DC406A1E5C79F214F883D2372995BB71B88B7F8BC5093E2B5B639776C8C17742D6236B11F9B1CAC64A1D2201639C138B6E409D451746CC86BADB8971EC46FD029A11C06191CEFED2721CB8A254692163DD34DEE07A9B751AD60FBAE7C2D998ECB1206A6CB1490107154AC0808303E029879710F7217DBDA8BC9C88EA7B20F25B7149EB84C2D2D3F9D64FC7F2113779A85BB22D6B51086B553F0FA500037EC2BC9E44107CB9B1F11EF8F187EB29C2BC3F95C2C891B064C90AEDBADB9B2C4745E8456164E4C6E8721CCB666BDB6925BA5C1791A9004D5A47DEB8815958B8797F167CA66DFC8D4205D7D3AAD6078AFF459031B0CC6B852E91B8772BF1E31FB4F3350C2677E41858D8F7E4F5BAD08AEEB475E35FFDA0008010103013F2111B7EC0AF77FB4E99F3D0104DAE80DB94D7985637DC076A210E7D969043FCF6033141694AECA6DF028EB1ECE1331547F9230D3B681662817E6FF0091893ADEA60F72FE4FA95DD52AF10811F4758B2CBA0A45D0C1B6CB08E8A0DC37BC6FAF666CD24608451507EC6D923148795956F91CA8A0ACB7C5B55A0BDA26B5B74D697C1D2EB7CCD4FC39C88CE30A9C45E9F16FE4F6A4AD5C63F17BCB36E69C1E2348235BB2D652DE7408FF009881C0F82561B2C6CF41C296093B31676DA485DB571BBF109C0A51490A330117FDC2A7FFDA0008010203013F21090597BE21138F40A23BA1159C9B5CC67FC46161B7A253069702E3016B904AB949D33D0013FFDA0008010303013F21545AAAE253B153AC2467646F289297DB9A9D64BCB9708B7A05FA11F44847EFAAFFDA000C0301000211031100001051E502511A7BDD6D533FFFDA0008010103013F1049DB0340DA707CF57996A765C3998361A8F8CB42AD3B195BB001900F2CBA084D534358B03470040E603E550D6006F4900AADD77F1CA3ACF79515C38292683781BCD86AD09880938C1C1E572BE4EF65B2711A74F9A3051D41DD79FCD29CBA9ADC41A6F60A8F98E300C0ED7701EAD1E368F09374100167BEEB458ACE2DD4EF48136016EEE208C3BB0AF05254D0EAD2A01528928A068D08E304855E004128D1EC9A5F92EDF412A75C4306B552E88B882CA883E309B0D0948A2D3905CC17EDCAF1F2476E026C2A07C092ED817AF5126D2E416310449CDC11487742298F60A28034DE898D13FFDA0008010203013F10E2113D22157F4F9996B37E6301D40059C92E295F679108694F8EB006ACAE4C60001F0DFB942DFB4D8F78EC534F98D5B39FDFE5846DC402A16A0891A1AFE7C7E410576C83632826D706D82ABFEFD45DED7A27FFDA0008010303013F10CE5725EC237DE740BFE6BEA2A5E81E4AAFD881E6F3EBDE07CFF6C32DB5F8E87EFBC1AED7D7600B6095BE1965B0F62F8D72050D4A76A12D31AECDB8CBB2AB2752F22DDA95B2AB5F0F6A3FF65AF92C767FFFD9, '2020-03-02 03:37:51');
INSERT INTO `common_account` VALUES ('4', 'test2', '2346e8c7a5fa5c3ed162af81d3cabc8a', '', '2', '2', null, '2020-03-03 00:59:13', '0', '0', '', 0xFFD8FFE1001845786966000049492A00080000000000000000000000FFEC00114475636B7900010004000000500000FFE1032F687474703A2F2F6E732E61646F62652E636F6D2F7861702F312E302F003C3F787061636B657420626567696E3D22EFBBBF222069643D2257354D304D7043656869487A7265537A4E54637A6B633964223F3E203C783A786D706D65746120786D6C6E733A783D2261646F62653A6E733A6D6574612F2220783A786D70746B3D2241646F626520584D5020436F726520352E362D633133382037392E3135393832342C20323031362F30392F31342D30313A30393A30312020202020202020223E203C7264663A52444620786D6C6E733A7264663D22687474703A2F2F7777772E77332E6F72672F313939392F30322F32322D7264662D73796E7461782D6E7323223E203C7264663A4465736372697074696F6E207264663A61626F75743D222220786D6C6E733A786D703D22687474703A2F2F6E732E61646F62652E636F6D2F7861702F312E302F2220786D6C6E733A786D704D4D3D22687474703A2F2F6E732E61646F62652E636F6D2F7861702F312E302F6D6D2F2220786D6C6E733A73745265663D22687474703A2F2F6E732E61646F62652E636F6D2F7861702F312E302F73547970652F5265736F75726365526566232220786D703A43726561746F72546F6F6C3D2241646F62652050686F746F73686F702043432032303137202857696E646F7773292220786D704D4D3A496E7374616E636549443D22786D702E6969643A35363342444630303844423831314538384631333843443646423133463941452220786D704D4D3A446F63756D656E7449443D22786D702E6469643A3536334244463031384442383131453838463133384344364642313346394145223E203C786D704D4D3A4465726976656446726F6D2073745265663A696E7374616E636549443D22786D702E6969643A3536334244454645384442383131453838463133384344364642313346394145222073745265663A646F63756D656E7449443D22786D702E6469643A3536334244454646384442383131453838463133384344364642313346394145222F3E203C2F7264663A4465736372697074696F6E3E203C2F7264663A5244463E203C2F783A786D706D6574613E203C3F787061636B657420656E643D2272223F3EFFEE002641646F62650064C0000000010300150403060A0D00000578000006880000075700000826FFDB0084000202020202020202020203020202030403020203040504040404040506050505050505060607070807070609090A0A09090C0C0C0C0C0C0C0C0C0C0C0C0C0C0C01030303050405090606090D0B090B0D0F0E0E0E0E0F0F0C0C0C0C0C0F0F0C0C0C0C0C0C0F0C0C0C0C0C0C0C0C0C0C0C0C0C0C0C0C0C0C0C0C0C0C0C0C0C0C0C0CFFC20011080022002203011100021101031101FFC400B200000202030100000000000000000000000608050702030904010100000000000000000000000000000000100001040200060300000000000000000003020405060001401113143407123216110001030105050509000000000000000001020304001121311232416181130551D1223314107191B1425262923412010000000000000000000000000000004013010001030304020203000000000000000111002131F04161104051718191B1C1D1E1F1FFDA000C03010002110311000001A80AA4943D8468FA8BB8C209D10674501E3213B04C7841B0800B2B03A2454C6A0D0893FFDA0008010100010502851484A6CB252726E129B0310AF7D7CF8E7AADB81556AC1530A69779DE094D3B2CE59EB94A0554331D57E55B3EE9453C26CE6CAFC34DEEB96324AB93A0257CC9C7AF90417E1EC989C97F211F567E067FFFDA0008010200010502E27FFFDA0008010300010502E27FFFDA0008010202063F024FFFDA0008010302063F024FFFDA0008010101063F027130237A8E4A33BEE6096D236A946E147901E0CB7E5B31D24D9EF29BE9B9AFC490DC170DEB701CA476DF851771DFEC96828164A92EA5FED50B2CF954869B8EFBECFAB750C1693E25655582DE15E85309C791D4231573557272AAEBC5988A7A1AACCD14F2D446E15C6BA6A8D814F6759FD8D4A536A2E43EB21C90C5A343D7E640E17D38642EF61ABD5CB5206DFBB1A93255605C85971606169AE35D3A0289E96EB6ACCA71CD411989D1DA77D4084B28437006661C03C4A73492B3BC6CA08EA073664645A1BF0DDDF4A7FA3CDCC952C854594703F8B9DF5FC63559AD1F1D5851A7BC9C46AE14F68C7E9A6F4E2AD35B35D7FFDA0008010103013F215293AD8D2B0983CD6F8621030824BCD5CFB3E25855EFBD1327C7957AEF4D1CCB8488AE58B0A1F865C940CAF36E6A29DD9C0250ABEC292E4DA8285CAF5ADBA99F2FF15396E10B6D83370376FE2A1D07CB66137BD325097898DB27AE95E9D031AC070363E54D040D1C99DB25845145304C84E66F614875856D6623172C7E6B5D9A97AF66F9CD6BFF00B73FBAD35B6A6BFC359DF9E97FFFDA0008010203013F21EE7FFFDA0008010303013F21EE7FFFDA000C030100021103110000100041208009241048249FFFDA0008010103013F10BBFF00218C2C28A064EC34B978D089C36333F0283B72DFFEE48F426A72755900061B71D28D1EE1E17788C18DA90FAB0419481050ADBC54FCDBA56F8532382D4A003CB0F3037844CF447CA8DC16F15F543F8457367B98AC60217A216FA8CB415641888F153E93565251558C2FD0CE1CD6E04A01411B36A81B1BC3A80398460A32C10BB5E84284354051D9A97992FF002DCE4C164B2B4586AFE159F3FF006B9F35AA3A37A7D938D5AE3D79E23A7FFFDA0008010203013F10EE7FFFDA0008010303013F10EE7FFFD9, '2020-03-03 00:59:13');

-- ----------------------------
-- Table structure for common_data
-- ----------------------------
DROP TABLE IF EXISTS `common_data`;
CREATE TABLE `common_data` (
  `id` int(11) NOT NULL,
  `data_key` varchar(11) COLLATE utf8_unicode_ci NOT NULL COMMENT '键',
  `data_value` int(20) DEFAULT NULL COMMENT '值',
  `data_name` varchar(20) COLLATE utf8_unicode_ci NOT NULL COMMENT '名称',
  `data_desc` varchar(50) COLLATE utf8_unicode_ci DEFAULT NULL COMMENT '描述',
  `data_icon` varchar(20) COLLATE utf8_unicode_ci DEFAULT NULL COMMENT '图标',
  `data_sort` int(11) NOT NULL DEFAULT '0' COMMENT '排序',
  PRIMARY KEY (`id`),
  UNIQUE KEY `data_key` (`data_key`,`data_value`)
) ENGINE=InnoDB DEFAULT CHARSET=utf8 COLLATE=utf8_unicode_ci;

-- ----------------------------
-- Records of common_data
-- ----------------------------
INSERT INTO `common_data` VALUES ('1', 'funcsHide', null, '菜单是否隐藏', '菜单是否隐藏1|2', '', '0');
INSERT INTO `common_data` VALUES ('2', 'funcsHide', '1', '显示', '', null, '0');
INSERT INTO `common_data` VALUES ('3', 'funcsHide', '2', '隐藏', '', null, '0');
INSERT INTO `common_data` VALUES ('4', 'funcsType', null, '菜单类型', '菜单类型', null, '0');
INSERT INTO `common_data` VALUES ('5', 'funcsType', '1', '模块', '', null, '0');
INSERT INTO `common_data` VALUES ('6', 'funcsType', '2', '页面', '', null, '0');
INSERT INTO `common_data` VALUES ('7', 'funcsType', '3', '操作', '', null, '0');
INSERT INTO `common_data` VALUES ('8', 'roleState', null, '状态', '角色状态、通用启用1停用2', '', '0');
INSERT INTO `common_data` VALUES ('9', 'roleState', '1', '启用', '角色启用', '', '0');
INSERT INTO `common_data` VALUES ('10', 'roleState', '2', '停用', '角色停用', '', '0');
INSERT INTO `common_data` VALUES ('11', 'state', null, '状态', '通用标识状态1是2否', '', '0');
INSERT INTO `common_data` VALUES ('12', 'state', '1', '是', '', 'icon-ok', '0');
INSERT INTO `common_data` VALUES ('13', 'state', '2', '否', '', 'icon-cancel', '0');
INSERT INTO `common_data` VALUES ('14', 'iconType', null, '文件类型', '', '', '9');
INSERT INTO `common_data` VALUES ('15', 'iconType', '1', '文件夹', '', '', '0');
INSERT INTO `common_data` VALUES ('16', 'iconType', '2', '图片', '', '', '0');
INSERT INTO `common_data` VALUES ('17', 'iconType', '4', '视频', '', '', '0');
INSERT INTO `common_data` VALUES ('18', 'iconType', '8', '音乐', '', '', '0');
INSERT INTO `common_data` VALUES ('19', 'iconType', '16', '文档', '', '', '0');
INSERT INTO `common_data` VALUES ('20', 'iconType', '32', '其它', '', '', '0');
INSERT INTO `common_data` VALUES ('21', 'iconType', '0', '自动判断', '', '', '1');
INSERT INTO `common_data` VALUES ('22', 'iconSize', null, '图标尺寸', '?', '', '9');

-- ----------------------------
-- Table structure for common_file
-- ----------------------------
DROP TABLE IF EXISTS `common_file`;
CREATE TABLE `common_file` (
  `id` int(11) NOT NULL,
  `file_name` varchar(100) COLLATE utf8_unicode_ci DEFAULT NULL,
  `file_path` varchar(300) COLLATE utf8_unicode_ci DEFAULT NULL,
  `file_type` int(11) DEFAULT NULL,
  `add_time` datetime DEFAULT NULL,
  `file_size` bigint(20) DEFAULT NULL,
  `content_type` varchar(50) COLLATE utf8_unicode_ci DEFAULT NULL,
  `update_time` datetime DEFAULT NULL,
  PRIMARY KEY (`id`)
) ENGINE=InnoDB DEFAULT CHARSET=utf8 COLLATE=utf8_unicode_ci;

-- ----------------------------
-- Records of common_file
-- ----------------------------

-- ----------------------------
-- Table structure for common_file_log
-- ----------------------------
DROP TABLE IF EXISTS `common_file_log`;
CREATE TABLE `common_file_log` (
  `account_name` varchar(20) COLLATE utf8_unicode_ci DEFAULT NULL,
  `src_id` varchar(30) COLLATE utf8_unicode_ci DEFAULT NULL,
  `src_path` varchar(200) COLLATE utf8_unicode_ci DEFAULT NULL,
  `op_mode` int(11) DEFAULT NULL,
  `dest_dir` varchar(200) COLLATE utf8_unicode_ci DEFAULT NULL,
  `cover` int(11) DEFAULT NULL,
  `state` int(11) DEFAULT NULL,
  `add_time` datetime DEFAULT NULL,
  `id` varchar(32) COLLATE utf8_unicode_ci NOT NULL,
  PRIMARY KEY (`id`),
  UNIQUE KEY `UQ_COMMON_FILE_LOG` (`account_name`,`src_id`)
) ENGINE=InnoDB DEFAULT CHARSET=utf8 COLLATE=utf8_unicode_ci;

-- ----------------------------
-- Records of common_file_log
-- ----------------------------

-- ----------------------------
-- Table structure for common_icon
-- ----------------------------
DROP TABLE IF EXISTS `common_icon`;
CREATE TABLE `common_icon` (
  `icon_name` varchar(30) COLLATE utf8_unicode_ci NOT NULL COMMENT '名称',
  `icon_desc` varchar(20) COLLATE utf8_unicode_ci DEFAULT NULL COMMENT '描述',
  `icon_path` varchar(50) COLLATE utf8_unicode_ci DEFAULT NULL COMMENT '路径',
  `icon_type` int(11) DEFAULT NULL COMMENT '类型',
  `icon_key` varchar(10) COLLATE utf8_unicode_ci DEFAULT NULL COMMENT '图标键(文件图标后缀)',
  `icon_size` varchar(11) COLLATE utf8_unicode_ci DEFAULT NULL COMMENT '图标尺寸',
  PRIMARY KEY (`icon_name`),
  UNIQUE KEY `icon_path` (`icon_path`)
) ENGINE=InnoDB DEFAULT CHARSET=utf8 COLLATE=utf8_unicode_ci CHECKSUM=1 DELAY_KEY_WRITE=1 ROW_FORMAT=DYNAMIC COMMENT='图标';

-- ----------------------------
-- Records of common_icon
-- ----------------------------
INSERT INTO `common_icon` VALUES ('icon-right_code', null, 'icons\\auto\\right_code.png', '2', null, null);
INSERT INTO `common_icon` VALUES ('icon-right_folder', null, 'icons\\auto\\right_folder.png', '2', null, null);
INSERT INTO `common_icon` VALUES ('icon-right_icon', null, 'icons\\auto\\right_icon.png', '2', null, null);
INSERT INTO `common_icon` VALUES ('icon-right_window_config', null, 'icons\\auto\\right_window_config.png', '2', null, null);
INSERT INTO `common_icon` VALUES ('icon-xml', 'xml文件', 'icons\\file\\xml.png', '16', 'xml', null);

-- ----------------------------
-- Table structure for common_model
-- ----------------------------
DROP TABLE IF EXISTS `common_model`;
CREATE TABLE `common_model` (
  `id` int(11) NOT NULL AUTO_INCREMENT,
  `parent_id` int(11) DEFAULT NULL COMMENT '父级ID',
  `model_name` varchar(20) COLLATE utf8_unicode_ci DEFAULT NULL COMMENT '栏目名称',
  `model_desc` varchar(100) COLLATE utf8_unicode_ci DEFAULT NULL COMMENT '栏目描述',
  `model_type` smallint(6) DEFAULT NULL COMMENT '栏目类型',
  `model_sort` int(11) DEFAULT NULL COMMENT '排序',
  `state` smallint(6) DEFAULT NULL COMMENT '状态',
  `add_time` datetime DEFAULT NULL COMMENT '添加时间',
  PRIMARY KEY (`id`)
) ENGINE=InnoDB DEFAULT CHARSET=utf8 COLLATE=utf8_unicode_ci;

-- ----------------------------
-- Records of common_model
-- ----------------------------

-- ----------------------------
-- Table structure for common_model_news
-- ----------------------------
DROP TABLE IF EXISTS `common_model_news`;
CREATE TABLE `common_model_news` (
  `model_id` int(11) NOT NULL COMMENT '栏目ID',
  `news_id` int(11) NOT NULL COMMENT '新闻ID',
  PRIMARY KEY (`model_id`,`news_id`)
) ENGINE=InnoDB DEFAULT CHARSET=utf8 COLLATE=utf8_unicode_ci;

-- ----------------------------
-- Records of common_model_news
-- ----------------------------

-- ----------------------------
-- Table structure for common_news
-- ----------------------------
DROP TABLE IF EXISTS `common_news`;
CREATE TABLE `common_news` (
  `id` bigint(20) NOT NULL AUTO_INCREMENT,
  `news_title` varchar(100) COLLATE utf8_unicode_ci DEFAULT NULL COMMENT '新闻标题',
  `news_content` text COLLATE utf8_unicode_ci COMMENT '新闻内容',
  `state` smallint(6) DEFAULT NULL COMMENT '状态',
  `news_sort` int(11) DEFAULT NULL COMMENT '排序',
  `news_top` bit(1) DEFAULT NULL COMMENT '是否置顶',
  `add_by` varchar(20) COLLATE utf8_unicode_ci DEFAULT NULL COMMENT '作者',
  `add_time` datetime DEFAULT NULL COMMENT '添加时间',
  PRIMARY KEY (`id`)
) ENGINE=InnoDB DEFAULT CHARSET=utf8 COLLATE=utf8_unicode_ci;

-- ----------------------------
-- Records of common_news
-- ----------------------------

-- ----------------------------
-- Table structure for common_right
-- ----------------------------
DROP TABLE IF EXISTS `common_right`;
CREATE TABLE `common_right` (
  `id` varchar(32) COLLATE utf8_unicode_ci NOT NULL,
  `parent_id` varchar(32) COLLATE utf8_unicode_ci DEFAULT NULL,
  `funcs_type` int(11) NOT NULL,
  `funcs_name` varchar(32) COLLATE utf8_unicode_ci NOT NULL,
  `funcs_url` varchar(256) COLLATE utf8_unicode_ci DEFAULT NULL,
  `funcs_hide` int(11) NOT NULL DEFAULT '0',
  `funcs_desc` varchar(100) COLLATE utf8_unicode_ci DEFAULT '',
  `funcs_sort` int(11) DEFAULT '1',
  `funcs_icon` varchar(30) COLLATE utf8_unicode_ci DEFAULT NULL COMMENT '图标',
  PRIMARY KEY (`id`)
) ENGINE=InnoDB DEFAULT CHARSET=utf8 COLLATE=utf8_unicode_ci;

-- ----------------------------
-- Records of common_right
-- ----------------------------
INSERT INTO `common_right` VALUES ('1466507121148007', null, '1', '权限管理', '', '1', '', '8', 'icon-key');
INSERT INTO `common_right` VALUES ('1466507121148008', '1466507121148007', '2', '角色管理', '/admin/common/commonRole/index', '1', '', '1', 'icon-role');
INSERT INTO `common_right` VALUES ('1466507121148009', '1466507121148007', '2', '菜单管理', '/admin/common/commonRight/index', '1', '', '2', 'icon-right');
INSERT INTO `common_right` VALUES ('1466507121148010', '1466507121148008', '3', '查询角色', '/admin/common/commonRole/doQuery.json', '2', null, '1', null);
INSERT INTO `common_right` VALUES ('1466507121148011', '1466507121148008', '3', '新增角色', '/admin/common/commonRole/doAdd.json', '2', null, '4', null);
INSERT INTO `common_right` VALUES ('1466507121148012', '1466507121148008', '3', '编辑角色', '/admin/common/commonRole/doEdit.json', '2', null, '2', null);
INSERT INTO `common_right` VALUES ('1466507121148013', '1466507121148008', '3', '删除角色', '/admin/common/commonRole/doDel.json', '2', null, '3', null);
INSERT INTO `common_right` VALUES ('1466507121148014', '1466507121148009', '3', '新增菜单', '/admin/common/commonRight/doAdd.json', '2', null, '1', null);
INSERT INTO `common_right` VALUES ('1466507121148015', '1466507121148009', '3', '删除菜单', '/admin/common/commonRight/doDel.json', '2', null, '1', null);
INSERT INTO `common_right` VALUES ('1466507121148016', '1466507121148009', '3', '编辑菜单', '/admin/common/commonRight/doEdit.json', '2', null, '1', null);
INSERT INTO `common_right` VALUES ('1466507121148017', '1466507121148009', '3', '查询菜单', '/admin/common/commonRight/doQuery.json', '2', null, '1', null);
INSERT INTO `common_right` VALUES ('1466507121148018', '1466507121148009', '2', '菜单树', '/admin/common/commonRight/getRightTree.json', '2', null, '1', null);
INSERT INTO `common_right` VALUES ('1466522889497001', '1466507121148007', '2', '账户管理', '/admin/common/commonAccount/index', '1', '', '1', 'icon-user');
INSERT INTO `common_right` VALUES ('1466522889497002', '1466522889497001', '3', '新增账户', '/admin/common/commonAccount/doAdd.json', '2', null, '1', null);
INSERT INTO `common_right` VALUES ('1466522889497003', '1466522889497001', '3', '删除账户', '/admin/common/commonAccount/doDel.json', '2', null, '1', null);
INSERT INTO `common_right` VALUES ('1466522889497004', '1466522889497001', '3', '编辑账户', '/admin/common/commonAccount/doEdit.json', '2', '', '5', '');
INSERT INTO `common_right` VALUES ('1466522889497005', '1466522889497001', '3', '查询账户', '/admin/common/commonAccount/doQuery.json', '2', null, '1', null);
INSERT INTO `common_right` VALUES ('1466527054711024', '1466507121148008', '2', '权限分配', '/admin/common/commonRole/toAssignRight', '2', null, '1', null);
INSERT INTO `common_right` VALUES ('1466527054711025', '1466527054711024', '2', '权限树', '/admin/common/commonRole/loadRight.json', '2', null, '1', null);
INSERT INTO `common_right` VALUES ('1466527054711026', '1466527054711024', '3', '分配操作', '/admin/common/commonRole/doAssignRight.json', '2', '权限分配操作', '1', null);
INSERT INTO `common_right` VALUES ('1468474353574003', null, '1', '系统管理', '', '1', '', '8', 'icon-wrench');
INSERT INTO `common_right` VALUES ('1468474353574004', '1468474353574003', '2', '日志监控', '/admin/common/commonAccessLog/index', '1', '', '5', 'icon-monitor');
INSERT INTO `common_right` VALUES ('1468474353574005', '1468474353574004', '3', '删除日志', '/admin/common/commonAccessLog/doDel.json', '2', '', '1', '');
INSERT INTO `common_right` VALUES ('1468474353574006', '1468474353574004', '3', '日志查询', '/admin/common/commonAccessLog/doQuery.json', '2', '', '1', '');
INSERT INTO `common_right` VALUES ('1468474353574007', '1468474353574003', '2', '数据字典', '/admin/common/commonData/index', '1', '', '2', 'icon-book');
INSERT INTO `common_right` VALUES ('1468474353574008', '1468474353574007', '3', '字典查询', '/admin/common/commonData/doQuery.json', '2', '', '1', null);
INSERT INTO `common_right` VALUES ('1468474353574009', '1468474353574007', '3', '删除字典', '/admin/common/commonData/doDel.json', '2', '', '2', null);
INSERT INTO `common_right` VALUES ('1468501134363001', '1468474353574007', '2', '添加字典', '/admin/common/commonData/doAdd.json', '2', '', '1', null);
INSERT INTO `common_right` VALUES ('1468795136724001', '1468474353574007', '3', '编辑字典', '/admin/common/commonData/doEdit.json', '2', '', '1', '');
INSERT INTO `common_right` VALUES ('1482760099696003', '1468474353574003', '6', '文件管理', '/admin/common/commonFile/index', '1', '演示地址 /demo/file/index', '4', 'icon-right_folder');
INSERT INTO `common_right` VALUES ('1482760099696004', '1482760099696003', '7', '文件查询', '/admin/common/commonFile/doQuery.json', '2', null, '1', null);
INSERT INTO `common_right` VALUES ('1482824621103005', '1468474353574003', '2', '全局配置', '/admin/common/sys/index', '1', '系统标题、风格皮肤、日志监控开启、文件数据配置（log4j,pool...）', '1', 'icon-right_window_config');
INSERT INTO `common_right` VALUES ('1482824621103006', '1468474353574003', '1', '源码插件', '', '1', '本地连接时，开启数据库映射配置，生成本地源码', '1', 'icon-right_code');
INSERT INTO `common_right` VALUES ('1487149707068001', '1482824621103005', '3', '配置操作', '/admin/common/sys/config.json', '2', '系统标题、风格皮肤、日志监控开启、文件数据配置（log4j,pool...）', '1', '');
INSERT INTO `common_right` VALUES ('1497184506891001', null, '5', '开发者DEMO', '', '1', '', '1', '');
INSERT INTO `common_right` VALUES ('1510586189584020', '1482760099696003', '7', '上传文件', '/admin/common/commonFile/upload.json', '2', null, '1', null);
INSERT INTO `common_right` VALUES ('1510586189584024', '1482760099696003', '7', '删除', '/admin/common/commonFile/doDel.json', '2', null, '1', null);
INSERT INTO `common_right` VALUES ('1510586189584031', '1482760099696003', '7', '编辑文件内容', '/admin/common/commonFile/doEdit.json', '2', null, '1', null);
INSERT INTO `common_right` VALUES ('1510770847922036', '1482760099696003', '6', '文件树', '/admin/common/commonFile/loadTree.json', '2', null, '1', null);
INSERT INTO `common_right` VALUES ('1511250372571023', '1482760099696003', '7', '新建文件夹', '/admin/common/commonFile/newFolder.json', '2', null, '1', null);
INSERT INTO `common_right` VALUES ('1511367888248057', '1482760099696003', '7', '重命名', '/admin/common/commonFile/rename.json', '2', null, '1', null);
INSERT INTO `common_right` VALUES ('1511739182091054', '1482760099696003', '7', '新建文件', '/admin/common/commonFile/newFile.json', '2', null, '1', null);
INSERT INTO `common_right` VALUES ('1511739182091063', '1482760099696003', '7', '复制', '/admin/common/commonFile/copy.json', '2', null, '1', null);
INSERT INTO `common_right` VALUES ('1511739182091067', '1482760099696003', '7', '剪切', '/admin/common/commonFile/cut.json', '2', null, '1', null);
INSERT INTO `common_right` VALUES ('1511739182091071', '1482760099696003', '7', '粘贴', '/admin/common/commonFile/paste.json', '2', null, '1', null);
INSERT INTO `common_right` VALUES ('1511739182091075', '1482760099696003', '7', '压缩', '/admin/common/commonFile/compress.json', '2', null, '1', null);
INSERT INTO `common_right` VALUES ('1511914788924067', '1482760099696003', '7', '打开', '/admin/common/commonFile/openFile.json', '2', null, '1', null);
INSERT INTO `common_right` VALUES ('1511914788924071', '1482760099696003', '7', '预览', '/admin/common/commonFile/preview.json', '2', null, '1', null);
INSERT INTO `common_right` VALUES ('1511914788924075', '1482760099696003', '7', '运行', '/admin/common/commonFile/run.json', '2', null, '1', null);
INSERT INTO `common_right` VALUES ('1512060988351010', '1468474353574004', '7', '控制台', '/admin/common/commonAccessLog/sysLog', '2', '', '1', '');
INSERT INTO `common_right` VALUES ('1512060988351014', '1512060988351010', '7', '关闭控制台', '/admin/common/commonAccessLog/closeSysLog.json', '2', '', '1', '');
INSERT INTO `common_right` VALUES ('1512284151569014', '1512060988351010', '7', '打开控制台', '/admin/common/commonAccessLog/openSysLog.json', '2', '', '1', '');
INSERT INTO `common_right` VALUES ('1514203651462033', '1497184506891001', '6', 'SpringRestful', '/demo/singleTable1/index', '1', '', '1', '');
INSERT INTO `common_right` VALUES ('1529966808636001', '1468474353574003', '2', '图标管理', '/admin/common/commonIcon/index', '1', '自动生成菜单', '3', 'icon-right_icon');
INSERT INTO `common_right` VALUES ('1529966808636002', '1529966808636001', '3', '图标查询', '/admin/common/commonIcon/doQuery.json', '2', '自动生成菜单', '1', '');
INSERT INTO `common_right` VALUES ('1529966808636003', '1529966808636001', '3', '图标新增', '/admin/common/commonIcon/doAdd.json', '2', '自动生成菜单', '1', '');
INSERT INTO `common_right` VALUES ('1529966808636004', '1529966808636001', '3', '图标删除', '/admin/common/commonIcon/doDel.json', '2', '自动生成菜单', '1', '');
INSERT INTO `common_right` VALUES ('1529966808636005', '1529966808636001', '3', '图标修改', '/admin/common/commonIcon/doEdit.json', '2', '自动生成菜单', '1', '');
INSERT INTO `common_right` VALUES ('1560102797342013', '1497184506891001', '2', 'demo2', '/demo/demoSingleTable1/index.html', '1', '', '1', '');
INSERT INTO `common_right` VALUES ('1580061693849058', '1482760099696003', '3', '下载文件', '/admin/common/commonFile/down.*', '2', '', '1', '');
INSERT INTO `common_right` VALUES ('1583079999254001', '1468474353574003', '2', '消息管理', '/admin/common/chat/index', '2', '', '1', '');
INSERT INTO `common_right` VALUES ('1583079999254002', '1583079999254001', '3', '用户列表', '/admin/common/chat/userList.json', '2', '', '1', '');
INSERT INTO `common_right` VALUES ('1588650920967000', '1497184506891001', '2', '用户管理', '/admin/abUser/index.html', '1', 'auto generate', '1', '');
INSERT INTO `common_right` VALUES ('1588650920967001', '1588650920967000', '3', '用户查询', '/admin/abUser/page.json', '2', 'auto generate', '1', '');
INSERT INTO `common_right` VALUES ('1588650920967002', '1588650920967000', '3', '用户新增', '/admin/abUser/add.json', '2', 'auto generate', '1', '');
INSERT INTO `common_right` VALUES ('1588650920967003', '1588650920967000', '3', '用户删除', '/admin/abUser/del.json', '2', 'auto generate', '1', '');
INSERT INTO `common_right` VALUES ('1588650920967004', '1588650920967000', '3', '用户修改', '/admin/abUser/edit.json', '2', 'auto generate', '1', '');
INSERT INTO `common_right` VALUES ('1588653676817000', '1497184506891001', '2', '爱博应用管理', '/admin/abApp/index.html', '1', 'auto generate', '1', '');
INSERT INTO `common_right` VALUES ('1588653676817001', '1588653676817000', '3', '爱博应用查询', '/admin/abApp/page.json', '2', 'auto generate', '1', '');
INSERT INTO `common_right` VALUES ('1588653676817002', '1588653676817000', '3', '爱博应用新增', '/admin/abApp/add.json', '2', 'auto generate', '1', '');
INSERT INTO `common_right` VALUES ('1588653676817003', '1588653676817000', '3', '爱博应用删除', '/admin/abApp/del.json', '2', 'auto generate', '1', '');
INSERT INTO `common_right` VALUES ('1588653676817004', '1588653676817000', '3', '爱博应用修改', '/admin/abApp/edit.json', '2', 'auto generate', '1', '');
INSERT INTO `common_right` VALUES ('1588655886924000', '1497184506891001', '2', '应用产品管理', '/admin/abAppProduct/index.html', '1', 'auto generate', '1', '');
INSERT INTO `common_right` VALUES ('1588655886924001', '1588655886924000', '3', '应用产品查询', '/admin/abAppProduct/page.json', '2', 'auto generate', '1', '');
INSERT INTO `common_right` VALUES ('1588655886924002', '1588655886924000', '3', '应用产品新增', '/admin/abAppProduct/add.json', '2', 'auto generate', '1', '');
INSERT INTO `common_right` VALUES ('1588655886924003', '1588655886924000', '3', '应用产品删除', '/admin/abAppProduct/del.json', '2', 'auto generate', '1', '');
INSERT INTO `common_right` VALUES ('1588655886924004', '1588655886924000', '3', '应用产品修改', '/admin/abAppProduct/edit.json', '2', 'auto generate', '1', '');
INSERT INTO `common_right` VALUES ('1588655886924005', '1497184506891001', '2', ' 应用SDK日志', '/admin/abAppSdkLog/index.html', '1', 'auto generate', '1', '');
INSERT INTO `common_right` VALUES ('1588655886924006', '1588655886924005', '3', 'ab_app_sdk_log查询', '/admin/abAppSdkLog/page.json', '2', 'auto generate', '1', '');
INSERT INTO `common_right` VALUES ('1588655886924010', '1497184506891001', '2', '免密调用明细管理', '/admin/abPaDetail/index.html', '1', 'auto generate', '1', '');
INSERT INTO `common_right` VALUES ('1588655886924011', '1588655886924010', '3', '免密调用明细查询', '/admin/abPaDetail/page.json', '2', 'auto generate', '1', '');
INSERT INTO `common_right` VALUES ('1588655886924012', '1588655886924010', '3', '免密调用明细新增', '/admin/abPaDetail/add.json', '2', 'auto generate', '1', '');
INSERT INTO `common_right` VALUES ('1588655886924013', '1588655886924010', '3', '免密调用明细删除', '/admin/abPaDetail/del.json', '2', 'auto generate', '1', '');
INSERT INTO `common_right` VALUES ('1588655886924014', '1588655886924010', '3', '免密调用明细修改', '/admin/abPaDetail/edit.json', '2', 'auto generate', '1', '');
INSERT INTO `common_right` VALUES ('1588655886924015', '1497184506891001', '2', '应用时报表管理', '/admin/abPaReportHour/index.html', '1', 'auto generate', '1', '');
INSERT INTO `common_right` VALUES ('1588655886924016', '1588655886924015', '3', '应用时报表查询', '/admin/abPaReportHour/page.json', '2', 'auto generate', '1', '');
INSERT INTO `common_right` VALUES ('1588655886924017', '1588655886924015', '3', '应用时报表新增', '/admin/abPaReportHour/add.json', '2', 'auto generate', '1', '');
INSERT INTO `common_right` VALUES ('1588655886924018', '1588655886924015', '3', '应用时报表删除', '/admin/abPaReportHour/del.json', '2', 'auto generate', '1', '');
INSERT INTO `common_right` VALUES ('1588655886924019', '1588655886924015', '3', '应用时报表修改', '/admin/abPaReportHour/edit.json', '2', 'auto generate', '1', '');
INSERT INTO `common_right` VALUES ('1588655886924020', '1497184506891001', '2', '套餐管理', '/admin/abPackage/index.html', '1', 'auto generate', '1', '');
INSERT INTO `common_right` VALUES ('1588655886924021', '1588655886924020', '3', '套餐查询', '/admin/abPackage/page.json', '2', 'auto generate', '1', '');
INSERT INTO `common_right` VALUES ('1588655886924022', '1588655886924020', '3', '套餐新增', '/admin/abPackage/add.json', '2', 'auto generate', '1', '');
INSERT INTO `common_right` VALUES ('1588655886924023', '1588655886924020', '3', '套餐删除', '/admin/abPackage/del.json', '2', 'auto generate', '1', '');
INSERT INTO `common_right` VALUES ('1588655886924024', '1588655886924020', '3', '套餐修改', '/admin/abPackage/edit.json', '2', 'auto generate', '1', '');
INSERT INTO `common_right` VALUES ('1588655886924025', '1497184506891001', '2', '用户套餐订单管理', '/admin/abPackageOrder/index.html', '1', 'auto generate', '1', '');
INSERT INTO `common_right` VALUES ('1588655886924026', '1588655886924025', '3', '用户套餐订单查询', '/admin/abPackageOrder/page.json', '2', 'auto generate', '1', '');
INSERT INTO `common_right` VALUES ('1588655886924027', '1588655886924025', '3', '用户套餐订单新增', '/admin/abPackageOrder/add.json', '2', 'auto generate', '1', '');
INSERT INTO `common_right` VALUES ('1588655886924028', '1588655886924025', '3', '用户套餐订单删除', '/admin/abPackageOrder/del.json', '2', 'auto generate', '1', '');
INSERT INTO `common_right` VALUES ('1588655886924029', '1588655886924025', '3', '用户套餐订单修改', '/admin/abPackageOrder/edit.json', '2', 'auto generate', '1', '');
INSERT INTO `common_right` VALUES ('1588655886924030', '1497184506891001', '2', '用户套餐订单项管理', '/admin/abPackageOrderItem/index.html', '1', 'auto generate', '1', '');
INSERT INTO `common_right` VALUES ('1588655886924031', '1588655886924030', '3', '用户套餐订单项查询', '/admin/abPackageOrderItem/page.json', '2', 'auto generate', '1', '');
INSERT INTO `common_right` VALUES ('1588655886924032', '1588655886924030', '3', '用户套餐订单项新增', '/admin/abPackageOrderItem/add.json', '2', 'auto generate', '1', '');
INSERT INTO `common_right` VALUES ('1588655886924033', '1588655886924030', '3', '用户套餐订单项删除', '/admin/abPackageOrderItem/del.json', '2', 'auto generate', '1', '');
INSERT INTO `common_right` VALUES ('1588655886924034', '1588655886924030', '3', '用户套餐订单项修改', '/admin/abPackageOrderItem/edit.json', '2', 'auto generate', '1', '');
INSERT INTO `common_right` VALUES ('1588655886924035', '1497184506891001', '2', '订单支付管理', '/admin/abPackageOrderPayment/index.html', '1', 'auto generate', '1', '');
INSERT INTO `common_right` VALUES ('1588655886924036', '1588655886924035', '3', '订单支付查询', '/admin/abPackageOrderPayment/page.json', '2', 'auto generate', '1', '');
INSERT INTO `common_right` VALUES ('1588655886924037', '1588655886924035', '3', '订单支付新增', '/admin/abPackageOrderPayment/add.json', '2', 'auto generate', '1', '');
INSERT INTO `common_right` VALUES ('1588655886924038', '1588655886924035', '3', '订单支付删除', '/admin/abPackageOrderPayment/del.json', '2', 'auto generate', '1', '');
INSERT INTO `common_right` VALUES ('1588655886924039', '1588655886924035', '3', '订单支付修改', '/admin/abPackageOrderPayment/edit.json', '2', 'auto generate', '1', '');
INSERT INTO `common_right` VALUES ('1588655886924040', '1497184506891001', '2', '套餐产品项管理', '/admin/abPackageProductItem/index.html', '1', 'auto generate', '1', '');
INSERT INTO `common_right` VALUES ('1588655886924041', '1588655886924040', '3', '套餐产品项查询', '/admin/abPackageProductItem/page.json', '2', 'auto generate', '1', '');
INSERT INTO `common_right` VALUES ('1588655886924042', '1588655886924040', '3', '套餐产品项新增', '/admin/abPackageProductItem/add.json', '2', 'auto generate', '1', '');
INSERT INTO `common_right` VALUES ('1588655886924043', '1588655886924040', '3', '套餐产品项删除', '/admin/abPackageProductItem/del.json', '2', 'auto generate', '1', '');
INSERT INTO `common_right` VALUES ('1588655886924044', '1588655886924040', '3', '套餐产品项修改', '/admin/abPackageProductItem/edit.json', '2', 'auto generate', '1', '');
INSERT INTO `common_right` VALUES ('1588655886924045', '1497184506891001', '2', '产品管理', '/admin/abProduct/index.html', '1', 'auto generate', '1', '');
INSERT INTO `common_right` VALUES ('1588655886924046', '1588655886924045', '3', '产品查询', '/admin/abProduct/page.json', '2', 'auto generate', '1', '');
INSERT INTO `common_right` VALUES ('1588655886924047', '1588655886924045', '3', '产品新增', '/admin/abProduct/add.json', '2', 'auto generate', '1', '');
INSERT INTO `common_right` VALUES ('1588655886924048', '1588655886924045', '3', '产品删除', '/admin/abProduct/del.json', '2', 'auto generate', '1', '');
INSERT INTO `common_right` VALUES ('1588655886924049', '1588655886924045', '3', '产品修改', '/admin/abProduct/edit.json', '2', 'auto generate', '1', '');
INSERT INTO `common_right` VALUES ('1588655886924050', '1497184506891001', '2', '运营商应用管理', '/admin/ispApp/index.html', '1', 'auto generate', '1', '');
INSERT INTO `common_right` VALUES ('1588655886924051', '1588655886924050', '3', '运营商应用查询', '/admin/ispApp/page.json', '2', 'auto generate', '1', '');
INSERT INTO `common_right` VALUES ('1588655886924052', '1588655886924050', '3', '运营商应用新增', '/admin/ispApp/add.json', '2', 'auto generate', '1', '');
INSERT INTO `common_right` VALUES ('1588655886924053', '1588655886924050', '3', '运营商应用删除', '/admin/ispApp/del.json', '2', 'auto generate', '1', '');
INSERT INTO `common_right` VALUES ('1588655886924054', '1588655886924050', '3', '运营商应用修改', '/admin/ispApp/edit.json', '2', 'auto generate', '1', '');
INSERT INTO `common_right` VALUES ('1588655886924055', '1497184506891001', '2', '通道产品能力管理', '/admin/ispAppChannel/index.html', '1', 'auto generate', '1', '');
INSERT INTO `common_right` VALUES ('1588655886924056', '1588655886924055', '3', '通道产品能力查询', '/admin/ispAppChannel/page.json', '2', 'auto generate', '1', '');
INSERT INTO `common_right` VALUES ('1588655886924057', '1588655886924055', '3', '通道产品能力新增', '/admin/ispAppChannel/add.json', '2', 'auto generate', '1', '');
INSERT INTO `common_right` VALUES ('1588655886924058', '1588655886924055', '3', '通道产品能力删除', '/admin/ispAppChannel/del.json', '2', 'auto generate', '1', '');
INSERT INTO `common_right` VALUES ('1588655886924059', '1588655886924055', '3', '通道产品能力修改', '/admin/ispAppChannel/edit.json', '2', 'auto generate', '1', '');
INSERT INTO `common_right` VALUES ('1588655886924060', '1497184506891001', '2', '通道产品管理', '/admin/ispChannel/index.html', '1', 'auto generate', '1', '');
INSERT INTO `common_right` VALUES ('1588655886924061', '1588655886924060', '3', '通道产品查询', '/admin/ispChannel/page.json', '2', 'auto generate', '1', '');
INSERT INTO `common_right` VALUES ('1588655886924062', '1588655886924060', '3', '通道产品新增', '/admin/ispChannel/add.json', '2', 'auto generate', '1', '');
INSERT INTO `common_right` VALUES ('1588655886924063', '1588655886924060', '3', '通道产品删除', '/admin/ispChannel/del.json', '2', 'auto generate', '1', '');
INSERT INTO `common_right` VALUES ('1588655886924064', '1588655886924060', '3', '通道产品修改', '/admin/ispChannel/edit.json', '2', 'auto generate', '1', '');
INSERT INTO `common_right` VALUES ('1588669922972000', null, '3', '应用SDK日志新增', '/admin/abAppSdkLog/add.json', '2', 'auto generate', '1', '');
INSERT INTO `common_right` VALUES ('1588669922972001', null, '3', '应用SDK日志删除', '/admin/abAppSdkLog/del.json', '2', 'auto generate', '1', '');
INSERT INTO `common_right` VALUES ('1588669922972002', null, '3', '应用SDK日志修改', '/admin/abAppSdkLog/edit.json', '2', 'auto generate', '1', '');

-- ----------------------------
-- Table structure for common_role
-- ----------------------------
DROP TABLE IF EXISTS `common_role`;
CREATE TABLE `common_role` (
  `id` int(11) NOT NULL,
  `role_name` varchar(20) COLLATE utf8_unicode_ci NOT NULL,
  `role_state` int(11) DEFAULT NULL,
  `role_desc` varchar(50) COLLATE utf8_unicode_ci DEFAULT NULL,
  PRIMARY KEY (`id`)
) ENGINE=InnoDB DEFAULT CHARSET=utf8 COLLATE=utf8_unicode_ci;

-- ----------------------------
-- Records of common_role
-- ----------------------------
INSERT INTO `common_role` VALUES ('1', '超级管理员', '1', '系统管理员');
INSERT INTO `common_role` VALUES ('2', '测试1', '1', '测试账号');
INSERT INTO `common_role` VALUES ('3', '客户', '1', '');

-- ----------------------------
-- Table structure for common_role_right
-- ----------------------------
DROP TABLE IF EXISTS `common_role_right`;
CREATE TABLE `common_role_right` (
  `role_id` int(11) NOT NULL,
  `func_id` varchar(32) COLLATE utf8_unicode_ci NOT NULL,
  PRIMARY KEY (`role_id`,`func_id`)
) ENGINE=InnoDB DEFAULT CHARSET=utf8 COLLATE=utf8_unicode_ci;

-- ----------------------------
-- Records of common_role_right
-- ----------------------------
INSERT INTO `common_role_right` VALUES ('1', '1466507121148007');
INSERT INTO `common_role_right` VALUES ('1', '1466507121148008');
INSERT INTO `common_role_right` VALUES ('1', '1466507121148010');
INSERT INTO `common_role_right` VALUES ('2', '1466507121148007');
INSERT INTO `common_role_right` VALUES ('2', '1466507121148008');
INSERT INTO `common_role_right` VALUES ('2', '1466507121148009');
INSERT INTO `common_role_right` VALUES ('2', '1466507121148010');
INSERT INTO `common_role_right` VALUES ('2', '1466507121148011');
INSERT INTO `common_role_right` VALUES ('2', '1466507121148012');
INSERT INTO `common_role_right` VALUES ('2', '1466507121148013');
INSERT INTO `common_role_right` VALUES ('2', '1466507121148014');
INSERT INTO `common_role_right` VALUES ('2', '1466507121148015');
INSERT INTO `common_role_right` VALUES ('2', '1466507121148016');
INSERT INTO `common_role_right` VALUES ('2', '1466507121148017');
INSERT INTO `common_role_right` VALUES ('2', '1466507121148018');
INSERT INTO `common_role_right` VALUES ('2', '1466522889497001');
INSERT INTO `common_role_right` VALUES ('2', '1466522889497002');
INSERT INTO `common_role_right` VALUES ('2', '1466522889497003');
INSERT INTO `common_role_right` VALUES ('2', '1466522889497004');
INSERT INTO `common_role_right` VALUES ('2', '1466522889497005');
INSERT INTO `common_role_right` VALUES ('2', '1466527054711024');
INSERT INTO `common_role_right` VALUES ('2', '1466527054711025');
INSERT INTO `common_role_right` VALUES ('2', '1466527054711026');
INSERT INTO `common_role_right` VALUES ('2', '1468474353574003');
INSERT INTO `common_role_right` VALUES ('2', '1468474353574004');
INSERT INTO `common_role_right` VALUES ('2', '1468474353574005');
INSERT INTO `common_role_right` VALUES ('2', '1468474353574006');
INSERT INTO `common_role_right` VALUES ('2', '1468474353574007');
INSERT INTO `common_role_right` VALUES ('2', '1468474353574008');
INSERT INTO `common_role_right` VALUES ('2', '1468474353574009');
INSERT INTO `common_role_right` VALUES ('2', '1468501134363001');
INSERT INTO `common_role_right` VALUES ('2', '1468795136724001');
INSERT INTO `common_role_right` VALUES ('2', '1482760099696003');
INSERT INTO `common_role_right` VALUES ('2', '1482760099696004');
INSERT INTO `common_role_right` VALUES ('2', '1482824621103005');
INSERT INTO `common_role_right` VALUES ('2', '1482824621103006');
INSERT INTO `common_role_right` VALUES ('2', '1487149707068001');
INSERT INTO `common_role_right` VALUES ('2', '1497184506891001');
INSERT INTO `common_role_right` VALUES ('2', '1510586189584020');
INSERT INTO `common_role_right` VALUES ('2', '1510586189584024');
INSERT INTO `common_role_right` VALUES ('2', '1510586189584031');
INSERT INTO `common_role_right` VALUES ('2', '1510770847922036');
INSERT INTO `common_role_right` VALUES ('2', '1511250372571023');
INSERT INTO `common_role_right` VALUES ('2', '1511367888248057');
INSERT INTO `common_role_right` VALUES ('2', '1511739182091054');
INSERT INTO `common_role_right` VALUES ('2', '1511739182091063');
INSERT INTO `common_role_right` VALUES ('2', '1511739182091067');
INSERT INTO `common_role_right` VALUES ('2', '1511739182091071');
INSERT INTO `common_role_right` VALUES ('2', '1511739182091075');
INSERT INTO `common_role_right` VALUES ('2', '1511914788924067');
INSERT INTO `common_role_right` VALUES ('2', '1511914788924071');
INSERT INTO `common_role_right` VALUES ('2', '1511914788924075');
INSERT INTO `common_role_right` VALUES ('2', '1512060988351010');
INSERT INTO `common_role_right` VALUES ('2', '1512060988351014');
INSERT INTO `common_role_right` VALUES ('2', '1512284151569014');
INSERT INTO `common_role_right` VALUES ('2', '1514203651462033');
INSERT INTO `common_role_right` VALUES ('2', '1529966808636001');
INSERT INTO `common_role_right` VALUES ('2', '1529966808636002');
INSERT INTO `common_role_right` VALUES ('2', '1529966808636003');
INSERT INTO `common_role_right` VALUES ('2', '1529966808636004');
INSERT INTO `common_role_right` VALUES ('2', '1529966808636005');
INSERT INTO `common_role_right` VALUES ('2', '1560102797342013');
INSERT INTO `common_role_right` VALUES ('2', '1580061693849058');
INSERT INTO `common_role_right` VALUES ('2', '1583079999254001');
INSERT INTO `common_role_right` VALUES ('2', '1583079999254002');
INSERT INTO `common_role_right` VALUES ('3', '1468474353574003');
INSERT INTO `common_role_right` VALUES ('3', '1497184506891001');
INSERT INTO `common_role_right` VALUES ('3', '1514203651462033');
INSERT INTO `common_role_right` VALUES ('3', '1560102797342013');
INSERT INTO `common_role_right` VALUES ('3', '1583079999254001');
INSERT INTO `common_role_right` VALUES ('3', '1583079999254002');

-- ----------------------------
-- Table structure for isp_app
-- ----------------------------
DROP TABLE IF EXISTS `isp_app`;
CREATE TABLE `isp_app` (
  `app_producct_id` bigint(20) unsigned NOT NULL COMMENT '应用产品ID',
  `isp` smallint(6) NOT NULL COMMENT '运营商',
  `app_id` varchar(20) COLLATE utf8_unicode_ci NOT NULL COMMENT '应用ID',
  `user_id` int(11) DEFAULT NULL COMMENT '用户ID',
  `app_name` varchar(20) COLLATE utf8_unicode_ci DEFAULT NULL COMMENT '应用名称',
  `app_icon` mediumblob COMMENT '应用图标',
  `app_desc` varchar(256) COLLATE utf8_unicode_ci DEFAULT NULL COMMENT '应用描述',
  `app_type` varchar(10) COLLATE utf8_unicode_ci DEFAULT NULL COMMENT '应用类型',
  `ios_bundle_id` varchar(100) COLLATE utf8_unicode_ci DEFAULT NULL COMMENT 'ios绑定ID',
  `android_packet_name` varchar(100) COLLATE utf8_unicode_ci DEFAULT NULL COMMENT '安卓包名',
  `android_app_sign` varchar(50) COLLATE utf8_unicode_ci DEFAULT NULL COMMENT '安卓应用签名',
  `status` smallint(6) DEFAULT NULL COMMENT '状态',
  `add_time` datetime DEFAULT NULL COMMENT '添加时间',
  `update_time` datetime DEFAULT NULL COMMENT '更新时间',
  PRIMARY KEY (`app_producct_id`)
) ENGINE=InnoDB DEFAULT CHARSET=utf8 COLLATE=utf8_unicode_ci CHECKSUM=1 DELAY_KEY_WRITE=1 ROW_FORMAT=DYNAMIC COMMENT='运营商应用';

-- ----------------------------
-- Records of isp_app
-- ----------------------------
INSERT INTO `isp_app` VALUES ('1', '4', 'jujie-quicklogin', '10', '微应H5测试', null, null, 'H5', null, null, null, '1', '2020-04-22 00:00:00', null);

-- ----------------------------
-- Table structure for isp_app_channel
-- ----------------------------
DROP TABLE IF EXISTS `isp_app_channel`;
CREATE TABLE `isp_app_channel` (
  `id` bigint(20) NOT NULL AUTO_INCREMENT,
  `app_producct_id` bigint(20) DEFAULT NULL COMMENT '应用产品ID',
  `isp` smallint(6) DEFAULT NULL COMMENT '运营商',
  `channel_id` int(11) DEFAULT NULL COMMENT '通道ID',
  `channe_name` varchar(20) COLLATE utf8_unicode_ci DEFAULT NULL COMMENT '通道名称',
  `app_id` varchar(20) COLLATE utf8_unicode_ci DEFAULT NULL COMMENT '应用ID',
  `app_secret` varchar(32) COLLATE utf8_unicode_ci DEFAULT NULL COMMENT '应用密钥',
  `sign_type` varchar(3) COLLATE utf8_unicode_ci DEFAULT NULL COMMENT '签名类型',
  `rsa_pub` varchar(1024) COLLATE utf8_unicode_ci DEFAULT NULL COMMENT 'RSA公钥',
  `h5_redirect_url` varchar(100) COLLATE utf8_unicode_ci DEFAULT NULL COMMENT 'H5重定向地址',
  `ip_check` bit(1) DEFAULT NULL COMMENT '是否IP检查',
  `white_ips` varchar(1000) COLLATE utf8_unicode_ci DEFAULT NULL COMMENT 'IP白名单',
  `smg_validation` bit(1) DEFAULT NULL COMMENT '是否支持短信效验',
  `add_time` datetime DEFAULT NULL COMMENT '添加时间',
  `update_time` datetime DEFAULT NULL COMMENT '更新时间',
  PRIMARY KEY (`id`),
  UNIQUE KEY `app_producct_id` (`app_producct_id`,`isp`)
) ENGINE=InnoDB AUTO_INCREMENT=2 DEFAULT CHARSET=utf8 COLLATE=utf8_unicode_ci CHECKSUM=1 DELAY_KEY_WRITE=1 ROW_FORMAT=DYNAMIC COMMENT='通道产品能力';

-- ----------------------------
-- Records of isp_app_channel
-- ----------------------------
INSERT INTO `isp_app_channel` VALUES ('1', '1', '4', '32', '微应H5全网免密', 'jujie-quicklogin', 'jujiequicklogin0418', 'MD5', null, 'http://www.abletele.com', '', '', '', '2020-02-02 00:00:00', null);

-- ----------------------------
-- Table structure for isp_channel
-- ----------------------------
DROP TABLE IF EXISTS `isp_channel`;
CREATE TABLE `isp_channel` (
  `id` int(11) NOT NULL AUTO_INCREMENT,
  `channel_name` varchar(20) COLLATE utf8_unicode_ci NOT NULL COMMENT '通道名称',
  `channel_desc` text COLLATE utf8_unicode_ci COMMENT '通道描述',
  `channel_uri` varchar(50) COLLATE utf8_unicode_ci DEFAULT NULL COMMENT '通道URI',
  `isp` smallint(6) DEFAULT NULL COMMENT '运营商',
  `use_area_id` int(11) DEFAULT '0' COMMENT '适用范围',
  `channel_version` char(3) COLLATE utf8_unicode_ci DEFAULT NULL COMMENT '通道版本号',
  `cost_price` decimal(10,2) DEFAULT NULL COMMENT '成本价格',
  `quote_price` decimal(10,2) DEFAULT NULL COMMENT '报价',
  `unit` varchar(2) COLLATE utf8_unicode_ci DEFAULT NULL COMMENT '单位',
  `state` smallint(6) DEFAULT NULL COMMENT '产品状态',
  `add_time` datetime DEFAULT NULL COMMENT '添加时间',
  PRIMARY KEY (`id`)
) ENGINE=InnoDB AUTO_INCREMENT=36 DEFAULT CHARSET=utf8 COLLATE=utf8_unicode_ci MIN_ROWS=11 CHECKSUM=1 DELAY_KEY_WRITE=1 ROW_FORMAT=DYNAMIC COMMENT='通道产品';

-- ----------------------------
-- Records of isp_channel
-- ----------------------------
INSERT INTO `isp_channel` VALUES ('32', '微应H5全网免密', null, 'https://pbroker.weein.cn/v1/page/quickLogin.do', '4', '0', 'v1', '0.20', '0.22', '次', '1', '2020-04-22 00:00:00');
INSERT INTO `isp_channel` VALUES ('33', '移动全网免密', null, null, '1', '0', null, null, null, null, null, null);
INSERT INTO `isp_channel` VALUES ('34', '电信免密', null, null, '2', '0', null, null, null, null, null, null);
INSERT INTO `isp_channel` VALUES ('35', '联通免密', null, null, '3', '0', null, null, null, null, null, null);

-- ----------------------------
-- Table structure for web_menu
-- ----------------------------
DROP TABLE IF EXISTS `web_menu`;
CREATE TABLE `web_menu` (
  `id` varchar(32) COLLATE utf8_unicode_ci NOT NULL,
  `parent_id` varchar(32) COLLATE utf8_unicode_ci DEFAULT NULL,
  `funcs_type` int(11) NOT NULL,
  `funcs_name` varchar(32) COLLATE utf8_unicode_ci NOT NULL,
  `funcs_url` varchar(256) COLLATE utf8_unicode_ci DEFAULT NULL,
  `funcs_hide` int(11) NOT NULL DEFAULT '0',
  `funcs_desc` varchar(100) COLLATE utf8_unicode_ci DEFAULT '',
  `funcs_sort` int(11) DEFAULT '1',
  `funcs_icon` varchar(30) COLLATE utf8_unicode_ci DEFAULT NULL COMMENT '图标',
  PRIMARY KEY (`id`)
) ENGINE=InnoDB DEFAULT CHARSET=utf8 COLLATE=utf8_unicode_ci;

-- ----------------------------
-- Records of web_menu
-- ----------------------------

-- ----------------------------
-- Procedure structure for proc_user_balance_dec
-- ----------------------------
